{
  "data": [{"orderId":"100","customerId":"418-109-1913","purchase":"2015/04/19","delivery":"2015/01/08","basePrice":"$94.56","postalZip":"31195","status":"<span class=\"center-block padding-5 label label-success\">Delivered</span>"},{"orderId":"101","customerId":"990-667-7807","purchase":"2015/03/06","delivery":"2015/10/04","basePrice":"$27.86","postalZip":"5246TN","status":"<span class=\"center-block padding-5 label label-warning\">Pending</span>"},{"orderId":"102","customerId":"311-911-1205","purchase":"2015/07/29","delivery":"2016/12/15","basePrice":"$4.56","postalZip":"65221","status":"<span class=\"center-block padding-5 label label-warning\">Pending</span>"},{"orderId":"103","customerId":"385-793-5538","purchase":"2015/04/01","delivery":"2015/02/18","basePrice":"$3.16","postalZip":"2833","status":"<span class=\"center-block padding-5 label label-warning\">Pending</span>"},{"orderId":"104","customerId":"210-743-6103","purchase":"2016/12/09","delivery":"2016/08/19","basePrice":"$18.25","postalZip":"135431","status":"<span class=\"center-block padding-5 label label-success\">Delivered</span>"},{"orderId":"105","customerId":"231-914-0557","purchase":"2016/07/17","delivery":"2015/01/29","basePrice":"$41.59","postalZip":"5052","status":"<span class=\"center-block padding-5 label label-success\">Delivered</span>"},{"orderId":"106","customerId":"664-358-7649","purchase":"2015/10/30","delivery":"2015/07/12","basePrice":"$51.16","postalZip":"3517","status":"<span class=\"center-block padding-5 label label-success\">Delivered</span>"},{"orderId":"107","customerId":"564-170-5735","purchase":"2015/06/10","delivery":"2015/11/13","basePrice":"$76.05","postalZip":"11800","status":"<span class=\"center-block padding-5 label label-success\">Complete</span>"},{"orderId":"108","customerId":"262-460-2718","purchase":"2015/02/10","delivery":"2015/07/22","basePrice":"$81.92","postalZip":"43311","status":"<span class=\"center-block padding-5 label label-default\">Incomplete</span>"},{"orderId":"109","customerId":"481-983-9286","purchase":"2015/09/20","delivery":"2015/03/06","basePrice":"$89.37","postalZip":"7837LT","status":"<span class=\"center-block padding-5 label label-info\">Refunded</span>"},{"orderId":"110","customerId":"470-303-8995","purchase":"2015/10/02","delivery":"2016/05/11","basePrice":"$99.12","postalZip":"1116","status":"<span class=\"center-block padding-5 label label-success\">Delivered</span>"},{"orderId":"111","customerId":"323-939-3058","purchase":"2016/06/02","delivery":"2016/04/08","basePrice":"$17.96","postalZip":"15556","status":"<span class=\"center-block padding-5 label label-success\">Complete</span>"},{"orderId":"112","customerId":"286-647-0112","purchase":"2015/04/19","delivery":"2016/02/13","basePrice":"$33.57","postalZip":"YT1I 1DK","status":"<span class=\"center-block padding-5 label label-danger\">Error</span>"},{"orderId":"113","customerId":"243-397-4446","purchase":"2016/07/26","delivery":"2016/08/17","basePrice":"$75.48","postalZip":"50669","status":"<span class=\"center-block padding-5 label label-info\">Refunded</span>"},{"orderId":"114","customerId":"282-860-9800","purchase":"2015/05/09","delivery":"2016/01/02","basePrice":"$10.69","postalZip":"68-645","status":"<span class=\"center-block padding-5 label label-danger\">Error</span>"},{"orderId":"115","customerId":"780-291-7845","purchase":"2016/07/24","delivery":"2015/10/13","basePrice":"$9.94","postalZip":"83219","status":"<span class=\"center-block padding-5 label label-danger\">Error</span>"},{"orderId":"116","customerId":"247-117-2405","purchase":"2016/01/16","delivery":"2016/11/07","basePrice":"$30.15","postalZip":"55025","status":"<span class=\"center-block padding-5 label label-warning\">Pending</span>"},{"orderId":"117","customerId":"472-566-1814","purchase":"2015/06/27","delivery":"2015/02/18","basePrice":"$36.05","postalZip":"9384","status":"<span class=\"center-block padding-5 label label-success\">Complete</span>"},{"orderId":"118","customerId":"442-363-9434","purchase":"2015/02/08","delivery":"2015/12/26","basePrice":"$5.35","postalZip":"C2W 1N4","status":"<span class=\"center-block padding-5 label label-danger\">Error</span>"},{"orderId":"119","customerId":"704-691-6511","purchase":"2016/11/11","delivery":"2015/10/13","basePrice":"$47.87","postalZip":"39524","status":"<span class=\"center-block padding-5 label label-warning\">Pending</span>"},{"orderId":"120","customerId":"952-622-8377","purchase":"2016/02/14","delivery":"2016/03/25","basePrice":"$9.76","postalZip":"6074","status":"<span class=\"center-block padding-5 label label-success\">Complete</span>"},{"orderId":"121","customerId":"114-905-2603","purchase":"2015/08/03","delivery":"2016/08/08","basePrice":"$94.36","postalZip":"77494","status":"<span class=\"center-block padding-5 label label-success\">Delivered</span>"},{"orderId":"122","customerId":"787-698-1395","purchase":"2016/09/09","delivery":"2016/08/24","basePrice":"$72.68","postalZip":"636093","status":"<span class=\"center-block padding-5 label label-success\">Delivered</span>"},{"orderId":"123","customerId":"267-616-1347","purchase":"2016/06/27","delivery":"2016/12/08","basePrice":"$47.26","postalZip":"77-155","status":"<span class=\"center-block padding-5 label label-warning\">Pending</span>"},{"orderId":"124","customerId":"591-548-3838","purchase":"2015/12/04","delivery":"2016/04/20","basePrice":"$31.49","postalZip":"BT12 5IZ","status":"<span class=\"center-block padding-5 label label-success\">Complete</span>"},{"orderId":"125","customerId":"637-921-0686","purchase":"2016/03/12","delivery":"2015/10/10","basePrice":"$79.40","postalZip":"J2E 1P5","status":"<span class=\"center-block padding-5 label label-success\">Delivered</span>"},{"orderId":"126","customerId":"856-370-0372","purchase":"2017/01/01","delivery":"2015/05/09","basePrice":"$90.81","postalZip":"247783","status":"<span class=\"center-block padding-5 label label-success\">Delivered</span>"},{"orderId":"127","customerId":"952-276-8536","purchase":"2015/12/22","delivery":"2016/06/25","basePrice":"$73.66","postalZip":"067493","status":"<span class=\"center-block padding-5 label label-success\">Complete</span>"},{"orderId":"128","customerId":"530-586-5762","purchase":"2015/01/17","delivery":"2016/01/15","basePrice":"$48.62","postalZip":"0452","status":"<span class=\"center-block padding-5 label label-danger\">Error</span>"},{"orderId":"129","customerId":"409-490-1203","purchase":"2015/01/10","delivery":"2016/09/26","basePrice":"$42.07","postalZip":"43393","status":"<span class=\"center-block padding-5 label label-success\">Delivered</span>"},{"orderId":"130","customerId":"610-524-9521","purchase":"2015/01/04","delivery":"2015/07/29","basePrice":"$10.20","postalZip":"58669","status":"<span class=\"center-block padding-5 label label-default\">Incomplete</span>"},{"orderId":"131","customerId":"216-257-8260","purchase":"2015/06/13","delivery":"2016/04/26","basePrice":"$96.76","postalZip":"63584","status":"<span class=\"center-block padding-5 label label-info\">Refunded</span>"},{"orderId":"132","customerId":"105-480-3572","purchase":"2016/12/29","delivery":"2015/06/13","basePrice":"$14.09","postalZip":"60276","status":"<span class=\"center-block padding-5 label label-info\">Refunded</span>"},{"orderId":"133","customerId":"348-497-3366","purchase":"2015/05/29","delivery":"2015/01/07","basePrice":"$89.05","postalZip":"55821","status":"<span class=\"center-block padding-5 label label-success\">Complete</span>"},{"orderId":"134","customerId":"115-921-4161","purchase":"2016/11/23","delivery":"2016/12/02","basePrice":"$20.40","postalZip":"15894","status":"<span class=\"center-block padding-5 label label-success\">Delivered</span>"},{"orderId":"135","customerId":"395-408-1093","purchase":"2015/05/19","delivery":"2015/08/11","basePrice":"$83.94","postalZip":"81192","status":"<span class=\"center-block padding-5 label label-danger\">Error</span>"},{"orderId":"136","customerId":"135-526-6879","purchase":"2016/05/29","delivery":"2015/08/14","basePrice":"$93.48","postalZip":"837474","status":"<span class=\"center-block padding-5 label label-success\">Delivered</span>"},{"orderId":"137","customerId":"959-685-6738","purchase":"2015/05/16","delivery":"2016/03/09","basePrice":"$50.79","postalZip":"7068JV","status":"<span class=\"center-block padding-5 label label-info\">Refunded</span>"},{"orderId":"138","customerId":"794-978-5321","purchase":"2015/12/12","delivery":"2015/04/05","basePrice":"$10.93","postalZip":"4915","status":"<span class=\"center-block padding-5 label label-default\">Incomplete</span>"},{"orderId":"139","customerId":"882-702-0411","purchase":"2015/03/13","delivery":"2015/01/31","basePrice":"$44.66","postalZip":"28290","status":"<span class=\"center-block padding-5 label label-success\">Complete</span>"},{"orderId":"140","customerId":"759-384-9249","purchase":"2015/06/11","delivery":"2016/03/26","basePrice":"$58.39","postalZip":"8827","status":"<span class=\"center-block padding-5 label label-info\">Refunded</span>"},{"orderId":"141","customerId":"587-835-4561","purchase":"2015/09/26","delivery":"2015/07/17","basePrice":"$98.55","postalZip":"74827","status":"<span class=\"center-block padding-5 label label-info\">Refunded</span>"},{"orderId":"142","customerId":"725-403-0101","purchase":"2016/06/12","delivery":"2015/05/19","basePrice":"$95.88","postalZip":"1261","status":"<span class=\"center-block padding-5 label label-success\">Complete</span>"},{"orderId":"143","customerId":"992-541-1831","purchase":"2016/04/16","delivery":"2016/09/27","basePrice":"$66.71","postalZip":"63751","status":"<span class=\"center-block padding-5 label label-default\">Incomplete</span>"},{"orderId":"144","customerId":"728-297-7349","purchase":"2015/05/09","delivery":"2015/12/24","basePrice":"$81.29","postalZip":"926921","status":"<span class=\"center-block padding-5 label label-default\">Incomplete</span>"},{"orderId":"145","customerId":"947-567-1316","purchase":"2016/08/02","delivery":"2016/10/20","basePrice":"$15.45","postalZip":"9317","status":"<span class=\"center-block padding-5 label label-warning\">Pending</span>"},{"orderId":"146","customerId":"768-878-0538","purchase":"2015/04/15","delivery":"2016/11/12","basePrice":"$2.39","postalZip":"34279","status":"<span class=\"center-block padding-5 label label-danger\">Error</span>"},{"orderId":"147","customerId":"215-558-4200","purchase":"2015/02/28","delivery":"2015/07/30","basePrice":"$6.14","postalZip":"19352","status":"<span class=\"center-block padding-5 label label-info\">Refunded</span>"},{"orderId":"148","customerId":"261-382-8720","purchase":"2015/06/05","delivery":"2016/11/26","basePrice":"$67.41","postalZip":"FE9 7MH","status":"<span class=\"center-block padding-5 label label-default\">Incomplete</span>"},{"orderId":"149","customerId":"640-907-0882","purchase":"2016/09/18","delivery":"2015/04/19","basePrice":"$88.69","postalZip":"2921","status":"<span class=\"center-block padding-5 label label-warning\">Pending</span>"},{"orderId":"150","customerId":"218-107-6882","purchase":"2015/05/03","delivery":"2016/10/13","basePrice":"$85.89","postalZip":"70231","status":"<span class=\"center-block padding-5 label label-success\">Complete</span>"},{"orderId":"151","customerId":"659-367-0922","purchase":"2015/04/25","delivery":"2016/06/18","basePrice":"$98.37","postalZip":"7461","status":"<span class=\"center-block padding-5 label label-success\">Complete</span>"},{"orderId":"152","customerId":"430-679-9159","purchase":"2016/07/06","delivery":"2016/07/12","basePrice":"$50.50","postalZip":"67979","status":"<span class=\"center-block padding-5 label label-default\">Incomplete</span>"},{"orderId":"153","customerId":"886-963-9314","purchase":"2015/01/18","delivery":"2015/09/12","basePrice":"$6.39","postalZip":"05638-710","status":"<span class=\"center-block padding-5 label label-danger\">Error</span>"},{"orderId":"154","customerId":"125-692-0482","purchase":"2015/08/08","delivery":"2015/12/24","basePrice":"$23.82","postalZip":"16072","status":"<span class=\"center-block padding-5 label label-danger\">Error</span>"},{"orderId":"155","customerId":"751-349-1880","purchase":"2015/03/03","delivery":"2016/05/08","basePrice":"$52.61","postalZip":"13147","status":"<span class=\"center-block padding-5 label label-default\">Incomplete</span>"},{"orderId":"156","customerId":"777-282-1331","purchase":"2015/12/26","delivery":"2015/06/29","basePrice":"$1.56","postalZip":"61612","status":"<span class=\"center-block padding-5 label label-default\">Incomplete</span>"},{"orderId":"157","customerId":"585-902-6191","purchase":"2015/12/29","delivery":"2016/11/21","basePrice":"$93.53","postalZip":"80223","status":"<span class=\"center-block padding-5 label label-success\">Complete</span>"},{"orderId":"158","customerId":"193-981-5430","purchase":"2015/09/29","delivery":"2016/01/30","basePrice":"$95.51","postalZip":"56858","status":"<span class=\"center-block padding-5 label label-info\">Refunded</span>"},{"orderId":"159","customerId":"992-785-4941","purchase":"2016/03/22","delivery":"2015/04/05","basePrice":"$27.99","postalZip":"3576","status":"<span class=\"center-block padding-5 label label-success\">Complete</span>"},{"orderId":"160","customerId":"386-859-7614","purchase":"2015/01/15","delivery":"2015/02/07","basePrice":"$44.78","postalZip":"N0U 9WV","status":"<span class=\"center-block padding-5 label label-success\">Delivered</span>"},{"orderId":"161","customerId":"101-274-3614","purchase":"2016/11/13","delivery":"2016/01/24","basePrice":"$3.95","postalZip":"59174","status":"<span class=\"center-block padding-5 label label-info\">Refunded</span>"},{"orderId":"162","customerId":"787-544-3871","purchase":"2015/12/04","delivery":"2016/01/09","basePrice":"$27.84","postalZip":"B1M 1R4","status":"<span class=\"center-block padding-5 label label-danger\">Error</span>"},{"orderId":"163","customerId":"942-862-7191","purchase":"2015/04/03","delivery":"2016/03/23","basePrice":"$26.65","postalZip":"294109","status":"<span class=\"center-block padding-5 label label-success\">Delivered</span>"},{"orderId":"164","customerId":"594-593-6286","purchase":"2016/01/02","delivery":"2015/06/19","basePrice":"$58.71","postalZip":"B0S 1G8","status":"<span class=\"center-block padding-5 label label-danger\">Error</span>"},{"orderId":"165","customerId":"143-432-4840","purchase":"2015/02/03","delivery":"2015/07/17","basePrice":"$0.84","postalZip":"552935","status":"<span class=\"center-block padding-5 label label-warning\">Pending</span>"},{"orderId":"166","customerId":"497-509-3981","purchase":"2016/01/21","delivery":"2015/07/07","basePrice":"$84.93","postalZip":"973574","status":"<span class=\"center-block padding-5 label label-danger\">Error</span>"},{"orderId":"167","customerId":"884-652-8085","purchase":"2015/09/14","delivery":"2016/04/23","basePrice":"$98.61","postalZip":"18945","status":"<span class=\"center-block padding-5 label label-warning\">Pending</span>"},{"orderId":"168","customerId":"717-284-8414","purchase":"2016/06/20","delivery":"2016/12/18","basePrice":"$95.19","postalZip":"87759","status":"<span class=\"center-block padding-5 label label-danger\">Error</span>"},{"orderId":"169","customerId":"561-986-9733","purchase":"2016/12/11","delivery":"2016/03/22","basePrice":"$13.19","postalZip":"9902","status":"<span class=\"center-block padding-5 label label-warning\">Pending</span>"},{"orderId":"170","customerId":"909-319-2001","purchase":"2015/08/31","delivery":"2016/10/09","basePrice":"$6.74","postalZip":"99284","status":"<span class=\"center-block padding-5 label label-info\">Refunded</span>"},{"orderId":"171","customerId":"723-509-1991","purchase":"2015/06/27","delivery":"2016/10/28","basePrice":"$66.48","postalZip":"26-432","status":"<span class=\"center-block padding-5 label label-default\">Incomplete</span>"},{"orderId":"172","customerId":"323-818-5864","purchase":"2016/09/08","delivery":"2015/07/30","basePrice":"$2.11","postalZip":"H6 2EI","status":"<span class=\"center-block padding-5 label label-success\">Delivered</span>"},{"orderId":"173","customerId":"768-118-0590","purchase":"2016/10/06","delivery":"2015/04/11","basePrice":"$77.71","postalZip":"647520","status":"<span class=\"center-block padding-5 label label-danger\">Error</span>"},{"orderId":"174","customerId":"778-291-3123","purchase":"2016/10/11","delivery":"2016/10/27","basePrice":"$82.91","postalZip":"18-513","status":"<span class=\"center-block padding-5 label label-success\">Complete</span>"},{"orderId":"175","customerId":"120-419-7239","purchase":"2015/04/05","delivery":"2015/12/31","basePrice":"$72.04","postalZip":"G3V 4V4","status":"<span class=\"center-block padding-5 label label-success\">Complete</span>"},{"orderId":"176","customerId":"308-771-2360","purchase":"2015/06/12","delivery":"2015/06/07","basePrice":"$53.24","postalZip":"34-511","status":"<span class=\"center-block padding-5 label label-warning\">Pending</span>"},{"orderId":"177","customerId":"435-934-3666","purchase":"2015/11/04","delivery":"2015/03/15","basePrice":"$53.56","postalZip":"6013","status":"<span class=\"center-block padding-5 label label-info\">Refunded</span>"},{"orderId":"178","customerId":"200-581-0070","purchase":"2015/05/15","delivery":"2015/09/29","basePrice":"$32.81","postalZip":"R5R 0LA","status":"<span class=\"center-block padding-5 label label-default\">Incomplete</span>"},{"orderId":"179","customerId":"217-143-3336","purchase":"2016/03/03","delivery":"2016/12/15","basePrice":"$71.36","postalZip":"JE0Q 6LG","status":"<span class=\"center-block padding-5 label label-warning\">Pending</span>"},{"orderId":"180","customerId":"416-333-6106","purchase":"2015/11/30","delivery":"2016/10/23","basePrice":"$13.18","postalZip":"0896OW","status":"<span class=\"center-block padding-5 label label-warning\">Pending</span>"},{"orderId":"181","customerId":"958-105-6909","purchase":"2016/10/13","delivery":"2015/06/04","basePrice":"$31.18","postalZip":"5715","status":"<span class=\"center-block padding-5 label label-default\">Incomplete</span>"},{"orderId":"182","customerId":"898-158-0311","purchase":"2016/12/09","delivery":"2016/02/08","basePrice":"$37.92","postalZip":"45412","status":"<span class=\"center-block padding-5 label label-info\">Refunded</span>"},{"orderId":"183","customerId":"342-330-3813","purchase":"2016/12/03","delivery":"2016/08/06","basePrice":"$17.91","postalZip":"10400","status":"<span class=\"center-block padding-5 label label-success\">Complete</span>"},{"orderId":"184","customerId":"503-586-0614","purchase":"2015/02/06","delivery":"2016/01/28","basePrice":"$42.78","postalZip":"39736","status":"<span class=\"center-block padding-5 label label-success\">Delivered</span>"},{"orderId":"185","customerId":"847-618-9860","purchase":"2015/07/02","delivery":"2016/10/30","basePrice":"$99.08","postalZip":"4230EX","status":"<span class=\"center-block padding-5 label label-danger\">Error</span>"},{"orderId":"186","customerId":"918-569-5470","purchase":"2016/10/22","delivery":"2016/03/05","basePrice":"$15.80","postalZip":"37458-805","status":"<span class=\"center-block padding-5 label label-success\">Delivered</span>"},{"orderId":"187","customerId":"691-844-7795","purchase":"2016/06/16","delivery":"2015/10/12","basePrice":"$69.47","postalZip":"48263","status":"<span class=\"center-block padding-5 label label-success\">Delivered</span>"},{"orderId":"188","customerId":"362-305-4703","purchase":"2015/07/28","delivery":"2016/02/07","basePrice":"$3.31","postalZip":"8241","status":"<span class=\"center-block padding-5 label label-danger\">Error</span>"},{"orderId":"189","customerId":"799-196-9936","purchase":"2015/10/11","delivery":"2016/02/29","basePrice":"$75.86","postalZip":"649745","status":"<span class=\"center-block padding-5 label label-success\">Complete</span>"},{"orderId":"190","customerId":"936-632-5009","purchase":"2016/05/14","delivery":"2015/08/29","basePrice":"$8.20","postalZip":"83574","status":"<span class=\"center-block padding-5 label label-danger\">Error</span>"},{"orderId":"191","customerId":"442-802-2702","purchase":"2015/02/15","delivery":"2016/10/25","basePrice":"$36.37","postalZip":"6323WX","status":"<span class=\"center-block padding-5 label label-info\">Refunded</span>"},{"orderId":"192","customerId":"419-270-1336","purchase":"2015/06/20","delivery":"2015/03/26","basePrice":"$55.43","postalZip":"405381","status":"<span class=\"center-block padding-5 label label-warning\">Pending</span>"},{"orderId":"193","customerId":"318-318-4193","purchase":"2015/03/01","delivery":"2015/12/05","basePrice":"$98.69","postalZip":"59-392","status":"<span class=\"center-block padding-5 label label-info\">Refunded</span>"},{"orderId":"194","customerId":"612-644-9749","purchase":"2016/04/07","delivery":"2016/11/21","basePrice":"$15.68","postalZip":"536797","status":"<span class=\"center-block padding-5 label label-danger\">Error</span>"},{"orderId":"195","customerId":"244-586-2343","purchase":"2016/02/09","delivery":"2016/02/25","basePrice":"$77.01","postalZip":"0276EH","status":"<span class=\"center-block padding-5 label label-default\">Incomplete</span>"},{"orderId":"196","customerId":"107-584-3630","purchase":"2016/03/24","delivery":"2015/12/22","basePrice":"$34.84","postalZip":"35418","status":"<span class=\"center-block padding-5 label label-success\">Complete</span>"},{"orderId":"197","customerId":"579-525-3847","purchase":"2015/07/08","delivery":"2015/08/29","basePrice":"$77.18","postalZip":"9622","status":"<span class=\"center-block padding-5 label label-warning\">Pending</span>"},{"orderId":"198","customerId":"695-251-5944","purchase":"2015/06/09","delivery":"2015/03/05","basePrice":"$80.51","postalZip":"26198","status":"<span class=\"center-block padding-5 label label-warning\">Pending</span>"},{"orderId":"199","customerId":"463-986-3891","purchase":"2015/01/05","delivery":"2015/07/16","basePrice":"$39.52","postalZip":"KP08 4DX","status":"<span class=\"center-block padding-5 label label-info\">Refunded</span>"}]
}


