[
    {"field":"Gender","value":"Male, Female"},
    {"field":"Age","value":"<Insert Number>"},
    {"field":"Education","value":"SD, SMP, SMA, D3, S1, S2, S3"},
    {"field":"Marital Status","value":"Single, Married, Divorced, Widow"},
    {"field":"Current Address","value":"City, Province"},
    {"field":"House Ownership","value":"Own, Family Owned, Rent Annually, Rent Monthly"},
    {"field":"Number of Children","value":"<Insert Number>"},
    {"field":"Net Income","value":"<Insert Number>"},
    {"field":"Own Credit Card","value":"Yes, No"},
    {"field":"Collateral Value","value":"<Insert Number>"},
    {"field":"National ID Number","value":"V, X"},
    {"field":"Bankrupty Check","value":"V, X"},
    {"field":"Defaults Check","value":"<Insert Number>"},
    {"field":"Credit Bureau Inquiries","value":"V, X"},
    {"field":"Credit Bureau Score","value":"<Insert Number>"},
    {"field":"Active Loans","value":"<Insert Number>"},
    {"field":"Delinquency Check","value":"<Insert Number>"},
    {"field":"Income Type","value":"Employed, Self Employed, Disability, Retirement/Pension, Part-Time, Unemployment"}
  ]
