 [
  {
    "no": "1",
    "field": " ",
    "operand": " ",
    "value": " ",
    "action": " ",
    "description": " "
  },
  {
    "no": "2",
    "field": " ",
    "operand": " ",
    "value": " ",
    "action": " ",
    "description": " "
  },
  {
    "no": "3",
    "field": " ",
    "operand": " ",
    "value": " ",
    "action": " ",
    "description": " "
  },
  {
    "no": "4",
    "field": " ",
    "operand": " ",
    "value": " ",
    "action": " ",
    "description": " "
  },
  {
    "no": "5",
    "field": " ",
    "operand": " ",
    "value": " ",
    "action": " ",
    "description": " "
  },
  {
    "no": "6",
    "field": " ",
    "operand": " ",
    "value": " ",
    "action": " ",
    "description": " "
  },
  {
    "no": "7",
    "field": " ",
    "operand": " ",
    "value": " ",
    "action": " ",
    "description": " "
  },
  {
    "no": "8",
    "field": " ",
    "operand": " ",
    "value": " ",
    "action": " ",
    "description": " "
  },
  {
    "no": "9",
    "field": " ",
    "operand": " ",
    "value": " ",
    "action": " ",
    "description": " "
  },
  {
    "no": "10",
    "field": " ",
    "operand": " ",
    "value": " ",
    "action": " ",
    "description": " "
  }]
