{
  "aaData": [
    {
      "id": "1",
      "name": "Jennifer",
      "phone": "1-342-463-8341",
      "company": "Et Rutrum Non Associates",
      "zip": "35728",
      "city": "Fogo",
      "date": "03/04/14"
    },
    {
      "id": "2",
      "name": "Clark",
      "phone": "1-516-859-1120",
      "company": "Nam Ac Inc.",
      "zip": "7162",
      "city": "Machelen",
      "date": "03/23/13"
    },
    {
      "id": "3",
      "name": "Brendan",
      "phone": "1-724-406-2487",
      "company": "Enim Commodo Limited",
      "zip": "98611",
      "city": "Norman",
      "date": "02/13/14"
    },
    {
      "id": "4",
      "name": "Warren",
      "phone": "1-412-485-9725",
      "company": "Odio Etiam Institute",
      "zip": "10312",
      "city": "Sautin",
      "date": "01/01/13"
    },
    {
      "id": "5",
      "name": "Rajah",
      "phone": "1-849-642-8777",
      "company": "Neque Ltd",
      "zip": "29131",
      "city": "Glovertown",
      "date": "02/16/13"
    },
    {
      "id": "6",
      "name": "Demetrius",
      "phone": "1-470-329-9627",
      "company": "Euismod In Ltd",
      "zip": "1883",
      "city": "Kapolei",
      "date": "03/15/13"
    },
    {
      "id": "7",
      "name": "Keefe",
      "phone": "1-188-191-2346",
      "company": "Molestie Industries",
      "zip": "2211BM",
      "city": "Modena",
      "date": "07/08/13"
    },
    {
      "id": "8",
      "name": "Leila",
      "phone": "1-663-655-8904",
      "company": "Est LLC",
      "zip": "75286",
      "city": "Hondelange",
      "date": "12/09/12"
    },
    {
      "id": "9",
      "name": "Fritz",
      "phone": "1-598-234-7837",
      "company": "Et Ultrices Posuere Institute",
      "zip": "2324",
      "city": "Monte San Pietrangeli",
      "date": "12/29/12"
    },
    {
      "id": "10",
      "name": "Cassady",
      "phone": "1-212-965-8381",
      "company": "Vitae Erat Vel Company",
      "zip": "5898",
      "city": "Huntly",
      "date": "10/07/13"
    },
    {
      "id": "11",
      "name": "Rogan",
      "phone": "1-541-654-9030",
      "company": "Iaculis Incorporated",
      "zip": "6464JN",
      "city": "Carson City",
      "date": "05/30/13"
    },
    {
      "id": "12",
      "name": "Candice",
      "phone": "1-153-708-6027",
      "company": "Pellentesque Company",
      "zip": "8565",
      "city": "Redruth",
      "date": "02/25/14"
    },
    {
      "id": "13",
      "name": "Brittany",
      "phone": "1-987-452-6038",
      "company": "Suspendisse Inc.",
      "zip": "4031",
      "city": "Carapicuíba",
      "date": "10/13/13"
    },
    {
      "id": "14",
      "name": "Baxter",
      "phone": "1-281-147-5085",
      "company": "Nulla Donec Non Associates",
      "zip": "53067",
      "city": "Yellowknife",
      "date": "08/14/14"
    },
    {
      "id": "15",
      "name": "Vaughan",
      "phone": "1-940-231-1787",
      "company": "Metus Facilisis Lorem Incorporated",
      "zip": "26530-046",
      "city": "Guarapuava",
      "date": "11/17/12"
    },
    {
      "id": "16",
      "name": "Ivan",
      "phone": "1-314-209-1223",
      "company": "Posuere Vulputate Inc.",
      "zip": "KX3W 1OI",
      "city": "Bienne-lez-Happart",
      "date": "03/04/14"
    },
    {
      "id": "17",
      "name": "Marah",
      "phone": "1-348-582-4041",
      "company": "Feugiat Ltd",
      "zip": "2128",
      "city": "Nîmes",
      "date": "11/29/12"
    },
    {
      "id": "18",
      "name": "Kiara",
      "phone": "1-570-428-6681",
      "company": "Et Euismod Et Corp.",
      "zip": "70483",
      "city": "Meeuwen",
      "date": "03/28/13"
    },
    {
      "id": "19",
      "name": "Brielle",
      "phone": "1-216-787-0056",
      "company": "Quis Massa Mauris Institute",
      "zip": "19913",
      "city": "Mombaruzzo",
      "date": "12/17/12"
    },
    {
      "id": "20",
      "name": "Kennedy",
      "phone": "1-997-154-9340",
      "company": "Quis Diam Pellentesque Institute",
      "zip": "3092FI",
      "city": "Edmundston",
      "date": "02/26/13"
    },
    {
      "id": "21",
      "name": "Peter",
      "phone": "1-394-459-3833",
      "company": "Mauris Eu Turpis Corporation",
      "zip": "27337",
      "city": "Ravenstein",
      "date": "06/05/14"
    },
    {
      "id": "22",
      "name": "Kibo",
      "phone": "1-162-467-7160",
      "company": "Massa LLP",
      "zip": "30305",
      "city": "Witney",
      "date": "08/20/14"
    },
    {
      "id": "23",
      "name": "Tanek",
      "phone": "1-806-556-1897",
      "company": "Pharetra Nam Industries",
      "zip": "84972",
      "city": "Abbotsford",
      "date": "05/03/14"
    },
    {
      "id": "24",
      "name": "Guinevere",
      "phone": "1-850-940-6176",
      "company": "Montes Nascetur Limited",
      "zip": "54983",
      "city": "Rio Grande",
      "date": "02/24/14"
    },
    {
      "id": "25",
      "name": "Ronan",
      "phone": "1-168-544-4394",
      "company": "Nunc Inc.",
      "zip": "12167",
      "city": "Pinkafeld",
      "date": "01/02/13"
    },
    {
      "id": "26",
      "name": "Kasper",
      "phone": "1-153-221-5650",
      "company": "Rutrum Limited",
      "zip": "M9N 0N6",
      "city": "Saint-G?ry",
      "date": "04/03/14"
    },
    {
      "id": "27",
      "name": "Otto",
      "phone": "1-894-944-5767",
      "company": "Purus Maecenas Libero LLC",
      "zip": "74552-602",
      "city": "Jauche",
      "date": "11/17/13"
    },
    {
      "id": "28",
      "name": "Brenda",
      "phone": "1-783-562-8563",
      "company": "Sit Consulting",
      "zip": "15632",
      "city": "Llandrindod Wells",
      "date": "08/13/14"
    },
    {
      "id": "29",
      "name": "Laith",
      "phone": "1-482-317-8464",
      "company": "Tellus Limited",
      "zip": "P8L 2V5",
      "city": "Codó",
      "date": "11/02/13"
    },
    {
      "id": "30",
      "name": "Ella",
      "phone": "1-275-839-6518",
      "company": "Tincidunt Inc.",
      "zip": "V8L 7Y0",
      "city": "Lummen",
      "date": "09/29/13"
    },
    {
      "id": "31",
      "name": "Hanae",
      "phone": "1-339-661-4197",
      "company": "Nunc Incorporated",
      "zip": "47931",
      "city": "South Burlington",
      "date": "05/19/14"
    },
    {
      "id": "32",
      "name": "Donna",
      "phone": "1-236-575-1365",
      "company": "Ultricies Sem Incorporated",
      "zip": "78685",
      "city": "Baranello",
      "date": "02/19/13"
    },
    {
      "id": "33",
      "name": "Bevis",
      "phone": "1-955-717-0835",
      "company": "Est Ac Inc.",
      "zip": "7424",
      "city": "Ichtegem",
      "date": "08/15/13"
    },
    {
      "id": "34",
      "name": "Celeste",
      "phone": "1-368-137-6285",
      "company": "Tortor Nibh Sit Inc.",
      "zip": "01318",
      "city": "Portobuffolè",
      "date": "05/28/14"
    },
    {
      "id": "35",
      "name": "Ila",
      "phone": "1-315-684-6122",
      "company": "Gravida Sagittis Associates",
      "zip": "4438PF",
      "city": "Keswick",
      "date": "11/22/13"
    },
    {
      "id": "36",
      "name": "Alana",
      "phone": "1-586-261-7830",
      "company": "Nullam Industries",
      "zip": "6044",
      "city": "Bacabal",
      "date": "03/04/13"
    },
    {
      "id": "37",
      "name": "Rowan",
      "phone": "1-782-168-2387",
      "company": "Aliquet Consulting",
      "zip": "33000",
      "city": "Papasidero",
      "date": "02/06/14"
    },
    {
      "id": "38",
      "name": "Eric",
      "phone": "1-161-390-1140",
      "company": "Odio Institute",
      "zip": "5652",
      "city": "Moliterno",
      "date": "03/14/13"
    },
    {
      "id": "39",
      "name": "Dana",
      "phone": "1-989-320-2205",
      "company": "Bibendum Fermentum Institute",
      "zip": "X31 1HZ",
      "city": "Saint-Pierre",
      "date": "02/25/13"
    },
    {
      "id": "40",
      "name": "Karleigh",
      "phone": "1-218-513-8714",
      "company": "Duis Volutpat Inc.",
      "zip": "1356",
      "city": "Fresno",
      "date": "06/09/14"
    },
    {
      "id": "41",
      "name": "Malik",
      "phone": "1-869-972-9871",
      "company": "Praesent Luctus Curabitur Limited",
      "zip": "V3Y 0P0",
      "city": "Roxboro",
      "date": "05/09/14"
    },
    {
      "id": "42",
      "name": "May",
      "phone": "1-462-220-8205",
      "company": "Suspendisse Dui LLP",
      "zip": "4765",
      "city": "Mold",
      "date": "06/15/13"
    },
    {
      "id": "43",
      "name": "Alan",
      "phone": "1-478-769-3709",
      "company": "Suspendisse Inc.",
      "zip": "7354AC",
      "city": "Norfolk",
      "date": "03/09/14"
    },
    {
      "id": "44",
      "name": "Anastasia",
      "phone": "1-589-358-5285",
      "company": "Mus Proin Institute",
      "zip": "33244",
      "city": "Montbliart",
      "date": "06/18/14"
    },
    {
      "id": "45",
      "name": "Yardley",
      "phone": "1-422-907-2926",
      "company": "Urna Et LLP",
      "zip": "88531",
      "city": "Évreux",
      "date": "05/23/14"
    },
    {
      "id": "46",
      "name": "Oscar",
      "phone": "1-476-548-4758",
      "company": "Nunc Id Enim Institute",
      "zip": "T5Z 4YS",
      "city": "Burlington",
      "date": "08/26/14"
    },
    {
      "id": "47",
      "name": "Hasad",
      "phone": "1-397-946-7346",
      "company": "Auctor Nunc Corp.",
      "zip": "2307HU",
      "city": "Savona",
      "date": "10/29/13"
    },
    {
      "id": "48",
      "name": "Mohammad",
      "phone": "1-984-931-7753",
      "company": "Ultricies Dignissim LLP",
      "zip": "4718",
      "city": "Nadrin",
      "date": "12/08/13"
    },
    {
      "id": "49",
      "name": "Nissim",
      "phone": "1-739-146-3150",
      "company": "Lacus Ltd",
      "zip": "UX95 5JM",
      "city": "Veere",
      "date": "08/19/14"
    },
    {
      "id": "50",
      "name": "Porter",
      "phone": "1-299-790-1428",
      "company": "Aliquam LLC",
      "zip": "41708",
      "city": "Montaldo Bormida",
      "date": "11/02/12"
    },
    {
      "id": "51",
      "name": "Sophia",
      "phone": "1-413-195-0820",
      "company": "Viverra Maecenas Iaculis Ltd",
      "zip": "83468",
      "city": "Doetinchem",
      "date": "09/28/13"
    },
    {
      "id": "52",
      "name": "Acton",
      "phone": "1-855-937-9214",
      "company": "Vitae Sodales Company",
      "zip": "1757",
      "city": "Bad Oldesloe",
      "date": "04/13/13"
    },
    {
      "id": "53",
      "name": "Briar",
      "phone": "1-846-339-0222",
      "company": "Congue Turpis In Limited",
      "zip": "51510",
      "city": "Caerphilly",
      "date": "02/06/13"
    },
    {
      "id": "54",
      "name": "Benjamin",
      "phone": "1-828-436-8902",
      "company": "Aliquam Nec Enim Ltd",
      "zip": "4289GW",
      "city": "Holyhead",
      "date": "12/17/13"
    },
    {
      "id": "55",
      "name": "Gregory",
      "phone": "1-782-119-9191",
      "company": "A PC",
      "zip": "14531",
      "city": "Águas Lindas de Goiás",
      "date": "04/11/14"
    },
    {
      "id": "56",
      "name": "Marny",
      "phone": "1-255-275-2769",
      "company": "Malesuada Institute",
      "zip": "41706",
      "city": "Montaldo Bormida",
      "date": "12/19/13"
    },
    {
      "id": "57",
      "name": "Indira",
      "phone": "1-215-687-1488",
      "company": "Augue Id Ante PC",
      "zip": "42010",
      "city": "Lorient",
      "date": "09/02/13"
    },
    {
      "id": "58",
      "name": "Fleur",
      "phone": "1-309-181-4794",
      "company": "Libero Donec Consectetuer Corp.",
      "zip": "ZD4H 3NF",
      "city": "Valleyview",
      "date": "01/13/14"
    },
    {
      "id": "59",
      "name": "Fulton",
      "phone": "1-380-339-9492",
      "company": "Vulputate LLP",
      "zip": "01154",
      "city": "Blois",
      "date": "04/16/13"
    },
    {
      "id": "60",
      "name": "Arsenio",
      "phone": "1-794-184-3132",
      "company": "Nec Diam Duis Ltd",
      "zip": "91908",
      "city": "Foligno",
      "date": "05/24/13"
    },
    {
      "id": "61",
      "name": "Jaden",
      "phone": "1-979-292-4559",
      "company": "Vestibulum Ante Industries",
      "zip": "2724",
      "city": "Bertogne",
      "date": "06/16/14"
    },
    {
      "id": "62",
      "name": "Kylie",
      "phone": "1-900-819-9083",
      "company": "Arcu Vestibulum Ut Incorporated",
      "zip": "E6R 8N1",
      "city": "Scandriglia",
      "date": "03/19/14"
    },
    {
      "id": "63",
      "name": "Melyssa",
      "phone": "1-911-370-2794",
      "company": "Pede Sagittis Augue Ltd",
      "zip": "37293",
      "city": "Frauenkirchen",
      "date": "08/31/13"
    },
    {
      "id": "64",
      "name": "Jerry",
      "phone": "1-501-422-6929",
      "company": "Nonummy Ut Molestie LLP",
      "zip": "9024",
      "city": "Nossegem",
      "date": "07/22/13"
    },
    {
      "id": "65",
      "name": "Rhiannon",
      "phone": "1-188-451-3938",
      "company": "Elit Pellentesque Consulting",
      "zip": "12283",
      "city": "College",
      "date": "08/16/14"
    },
    {
      "id": "66",
      "name": "Price",
      "phone": "1-769-162-9068",
      "company": "Vitae Erat Vivamus Corp.",
      "zip": "6843",
      "city": "Villata",
      "date": "08/18/14"
    },
    {
      "id": "67",
      "name": "Ginger",
      "phone": "1-263-395-0268",
      "company": "Ligula Institute",
      "zip": "1979",
      "city": "Rodengo/Rodeneck",
      "date": "06/14/13"
    },
    {
      "id": "68",
      "name": "Britanney",
      "phone": "1-121-616-0992",
      "company": "Nec Diam LLP",
      "zip": "07095",
      "city": "Queanbeyan",
      "date": "09/01/13"
    },
    {
      "id": "69",
      "name": "Wylie",
      "phone": "1-736-996-8984",
      "company": "Arcu Industries",
      "zip": "7587LK",
      "city": "Fauglia",
      "date": "01/24/13"
    },
    {
      "id": "70",
      "name": "Holly",
      "phone": "1-210-117-9053",
      "company": "Adipiscing Incorporated",
      "zip": "9053",
      "city": "Dortmund",
      "date": "04/21/13"
    },
    {
      "id": "71",
      "name": "Althea",
      "phone": "1-525-409-7849",
      "company": "Vel Company",
      "zip": "20125",
      "city": "Qualicum Beach",
      "date": "09/27/13"
    },
    {
      "id": "72",
      "name": "Quintessa",
      "phone": "1-947-731-6466",
      "company": "Nunc Interdum Foundation",
      "zip": "3260",
      "city": "Llandrindod Wells",
      "date": "04/06/13"
    },
    {
      "id": "73",
      "name": "Fitzgerald",
      "phone": "1-725-747-2841",
      "company": "Torquent Associates",
      "zip": "01688-439",
      "city": "Manchester",
      "date": "02/06/14"
    },
    {
      "id": "74",
      "name": "Keefe",
      "phone": "1-672-945-4291",
      "company": "Mollis Dui PC",
      "zip": "73231",
      "city": "Hillsboro",
      "date": "06/24/13"
    },
    {
      "id": "75",
      "name": "Rudyard",
      "phone": "1-504-162-2567",
      "company": "Ipsum Curabitur Consequat Foundation",
      "zip": "Xxxx",
      "city": "Kimberly",
      "date": "12/12/13"
    },
    {
      "id": "76",
      "name": "Kareem",
      "phone": "1-716-663-9703",
      "company": "In Ltd",
      "zip": "2707",
      "city": "Legal",
      "date": "01/29/14"
    },
    {
      "id": "77",
      "name": "Genevieve",
      "phone": "1-361-358-3030",
      "company": "Mi PC",
      "zip": "4995",
      "city": "Crieff",
      "date": "04/25/13"
    },
    {
      "id": "78",
      "name": "Wang",
      "phone": "1-806-922-8622",
      "company": "Lacinia Vitae Corporation",
      "zip": "1850UC",
      "city": "Rudiano",
      "date": "04/05/14"
    },
    {
      "id": "79",
      "name": "Odessa",
      "phone": "1-983-915-7779",
      "company": "Dolor Donec Corporation",
      "zip": "L2M 1L6",
      "city": "Siddi",
      "date": "01/05/13"
    },
    {
      "id": "80",
      "name": "Adrienne",
      "phone": "1-771-540-3805",
      "company": "Eu Lacus Incorporated",
      "zip": "2116",
      "city": "Lincoln",
      "date": "09/13/14"
    },
    {
      "id": "81",
      "name": "Charity",
      "phone": "1-749-804-8328",
      "company": "Aenean Sed Pede Foundation",
      "zip": "14470-440",
      "city": "Haverfordwest",
      "date": "08/01/13"
    },
    {
      "id": "82",
      "name": "Kieran",
      "phone": "1-333-507-3878",
      "company": "Malesuada Ut Sem Corp.",
      "zip": "W3C 3PM",
      "city": "Croydon",
      "date": "10/30/13"
    },
    {
      "id": "83",
      "name": "Alika",
      "phone": "1-544-422-1437",
      "company": "Integer Tincidunt Company",
      "zip": "Xxxx",
      "city": "Plymouth",
      "date": "12/26/12"
    },
    {
      "id": "84",
      "name": "Shay",
      "phone": "1-530-583-8669",
      "company": "Diam LLP",
      "zip": "63260",
      "city": "College",
      "date": "08/20/14"
    },
    {
      "id": "85",
      "name": "Cailin",
      "phone": "1-415-254-8139",
      "company": "Placerat Eget Foundation",
      "zip": "L3M 4R6",
      "city": "Jonqui?re",
      "date": "09/12/14"
    },
    {
      "id": "86",
      "name": "Xena",
      "phone": "1-979-983-1456",
      "company": "Tellus Eu Augue Associates",
      "zip": "09703-746",
      "city": "Angleur",
      "date": "05/21/13"
    },
    {
      "id": "87",
      "name": "Walker",
      "phone": "1-380-277-2755",
      "company": "Sollicitudin A Malesuada Corporation",
      "zip": "60019",
      "city": "Toronto",
      "date": "06/11/14"
    },
    {
      "id": "88",
      "name": "Adena",
      "phone": "1-756-948-8416",
      "company": "Diam Ltd",
      "zip": "B7T 5X7",
      "city": "Stene",
      "date": "05/30/14"
    },
    {
      "id": "89",
      "name": "Bradley",
      "phone": "1-800-808-3688",
      "company": "Nunc Quis LLC",
      "zip": "83932-949",
      "city": "Uppingham. Cottesmore",
      "date": "11/05/13"
    },
    {
      "id": "90",
      "name": "Yvette",
      "phone": "1-843-923-0038",
      "company": "Eget Metus PC",
      "zip": "47936",
      "city": "Feira de Santana",
      "date": "06/27/14"
    },
    {
      "id": "91",
      "name": "Neil",
      "phone": "1-550-664-4050",
      "company": "Aenean Euismod LLP",
      "zip": "28842",
      "city": "Corby",
      "date": "07/27/14"
    },
    {
      "id": "92",
      "name": "Hunter",
      "phone": "1-637-483-4408",
      "company": "In Nec Orci LLC",
      "zip": "49338",
      "city": "Cleveland",
      "date": "01/15/13"
    },
    {
      "id": "93",
      "name": "Marcia",
      "phone": "1-512-896-6301",
      "company": "Et Risus Industries",
      "zip": "74123",
      "city": "Quinte West",
      "date": "09/30/13"
    },
    {
      "id": "94",
      "name": "Lavinia",
      "phone": "1-222-745-5312",
      "company": "Nulla Interdum Curabitur LLC",
      "zip": "3531",
      "city": "Assiniboia",
      "date": "01/12/13"
    },
    {
      "id": "95",
      "name": "Cynthia",
      "phone": "1-392-134-2788",
      "company": "Nunc Ut Erat Company",
      "zip": "I27 5OS",
      "city": "Pagazzano",
      "date": "05/20/13"
    },
    {
      "id": "96",
      "name": "Lee",
      "phone": "1-128-816-7274",
      "company": "Litora Torquent Per PC",
      "zip": "11386",
      "city": "Mazzano Romano",
      "date": "04/18/14"
    },
    {
      "id": "97",
      "name": "Linda",
      "phone": "1-546-735-8920",
      "company": "Dis Parturient Montes Associates",
      "zip": "64629",
      "city": "Ferlach",
      "date": "03/29/14"
    },
    {
      "id": "98",
      "name": "Wayne",
      "phone": "1-744-647-6144",
      "company": "In Industries",
      "zip": "Xxxx",
      "city": "Memphis",
      "date": "06/11/14"
    },
    {
      "id": "99",
      "name": "Liberty",
      "phone": "1-841-489-1665",
      "company": "Sed Sem Limited",
      "zip": "27504-649",
      "city": "Olivola",
      "date": "05/24/14"
    },
    {
      "id": "100",
      "name": "Cathleen",
      "phone": "1-883-567-6065",
      "company": "Eu Corporation",
      "zip": "4286",
      "city": "Rotheux-Rimi?re",
      "date": "07/16/13"
    }
  ]
}
