 [
    {
      "id": 1,
      "loanProduct": "loan1",
      "loanAmount": 7827000,
      "loanCreatedDate": "2019-07-10",
      "waitingTime": "temp",
      "status": "temp",
      "purposeOfLoan": "Purchase Vehicle",
      "fullName": "Flunone Yutt",
      "mobilePhone": "081271638352",
      "placeOfBirth": "Bandung",
      "gender": "female",
      "idType": "KTP",
      "education": "D3",
      "maritalStatus": "Widow",
      "email": "flun1one@gmail.com",
      "province": "Sumatera Barat",
      "city": "Pariaman",
      "speedscore" : "600"
    },
    {
      "id": 2,
      "loanProduct": "loan4",
      "loanAmount": 15125000,
      "loanCreatedDate": "2019-07-12",
      "waitingTime": "temp",
      "status": "temp",
      "purposeOfLoan": "Other",
      "fullName": "Leila Meggs",
      "mobilePhone": "081217273637",
      "placeOfBirth": "DKI Jakarta",
      "gender": "female",
      "idType": "SIM",
      "education": "SMP",
      "maritalStatus": "Single",
      "email": "leilame@yahoo.com",
      "province": "Jakarta",
      "city": "DKI Jakarta",
      "speedscore" : "325"
    },
    {
      "id": 3,
      "loanProduct": "loan7",
      "loanAmount": 1928500,
      "loanCreatedDate": "2019-07-13",
      "waitingTime": "temp",
      "status": "temp",
      "purposeOfLoan": "Consumer Purchase",
      "fullName": "Hazel Caramello",
      "mobilePhone": "081282732684",
      "placeOfBirth": "Bogor",
      "gender": "female",
      "idType": "Passport",
      "education": "SMA",
      "maritalStatus": "Single",
      "email": "hazzelcar@gmail.com",
      "province": "Jawa Barat",
      "city": "Bandung",
      "speedscore" : "418"
    },
    {
      "id": 4,
      "loanProduct": "loan10",
      "loanAmount": 19273000,
      "loanCreatedDate": "2019-07-16",
      "waitingTime": "temp",
      "status": "temp",
      "purposeOfLoan": "Education",
      "fullName": "Alyssa Storme",
      "mobilePhone": "081217282845",
      "placeOfBirth": "Semarang",
      "gender": "female",
      "idType": "KTP",
      "education": "SMP",
      "maritalStatus": "Single",
      "email": "alyssane@yahoo.com",
      "province": "Jawa Tengah",
      "city": "Semarang",
      "speedscore" : "336"
    },
    {
      "id": 5,
      "loanProduct": "loan2",
      "loanAmount": 9672500,
      "loanCreatedDate": "2019-07-18",
      "waitingTime": "temp",
      "status": "temp",
      "purposeOfLoan": "Medical Bill",
      "fullName": "Charles Deuce",
      "mobilePhone": "081292852634",
      "placeOfBirth": "Tokyo",
      "gender": "male",
      "idType": "Passport",
      "education": "SD",
      "maritalStatus": "Single",
      "email": "charlesdeuce@yahoo.com",
      "province": "Sumatera Barat",
      "city": "Padang",
      "speedscore" : "723"
    },
    {
      "id": 6,
      "loanProduct": "loan5",
      "loanAmount": 8173500,
      "loanCreatedDate": "2019-07-19",
      "waitingTime": "temp",
      "status": "temp",
      "purposeOfLoan": "Other",
      "fullName": "Gerald Jeong",
      "mobilePhone": "081283856363",
      "placeOfBirth": "Denpasar",
      "gender": "male",
      "idType": "SIM",
      "education": "S2",
      "maritalStatus": "Divorced",
      "email": "jeonggerald@gmail.com",
      "province": "Sumatera Selatan",
      "city": "Palembang",
      "speedscore" : "624"
    },
    {
      "id": 7,
      "loanProduct": "loan8",
      "loanAmount": 4992000,
      "loanCreatedDate": "2019-07-22",
      "waitingTime": "temp",
      "status": "temp",
      "purposeOfLoan": "Medical Bill",
      "fullName": "Evergreene Johnson",
      "mobilePhone": "081274288584",
      "placeOfBirth": "Bogor",
      "gender": "female",
      "idType": "Passport",
      "education": "S1",
      "maritalStatus": "Single",
      "email": "evergreenee@yahoo.com",
      "province": "Jawa Barat",
      "city": "Bogor",
      "speedscore" : "835"
    },
    {
      "id": 8,
      "loanProduct": "loan11",
      "loanAmount": 5029000,
      "loanCreatedDate": "2019-07-24",
      "waitingTime": "temp",
      "status": "temp",
      "purposeOfLoan": "Holiday",
      "fullName": "Ingrid Ferguson",
      "mobilePhone": "081214138265",
      "placeOfBirth": "Singkawang",
      "gender": "female",
      "idType": "SIM",
      "education": "S2",
      "maritalStatus": "Married",
      "email": "ingridffergg@gmail.com",
      "province": "Kalimantan Barat",
      "city": "Singkawang",
      "speedscore" : "641"
    },
    {
      "id": 9,
      "loanProduct": "loan3",
      "loanAmount": 4982000,
      "loanCreatedDate": "2019-07-25",
      "waitingTime": "temp",
      "status": "temp",
      "purposeOfLoan": "Venture Capital",
      "fullName": "Benjamin Flutter",
      "mobilePhone": "081266278246",
      "placeOfBirth": "Denpasar",
      "gender": "male",
      "idType": "KTP",
      "education": "SMA",
      "maritalStatus": "Single",
      "email": "benjaminflu@gmail.com",
      "province": "Bali",
      "city": "Denpasar",
      "speedscore" : "325"
    },
    {
      "id": 10,
      "loanProduct": "loan6",
      "loanAmount": 12098500,
      "loanCreatedDate": "2019-07-28",
      "waitingTime": "temp",
      "status": "temp",
      "purposeOfLoan": "Debt Repayment",
      "fullName": "Jeremiah Stalks",
      "mobilePhone": "081282476285",
      "placeOfBirth": "Tangerang",
      "gender": "male",
      "idType": "SIM",
      "education": "S3",
      "maritalStatus": "Married",
      "email": "jeremystar@yahoo.com",
      "province": "Banten",
      "city": "Cilegon",
      "speedscore" : "946"
    },
    {
      "id": 11,
      "loanProduct": "loan9",
      "loanAmount": 11828000,
      "loanCreatedDate": "2019-07-30",
      "waitingTime": "temp",
      "status": "temp",
      "purposeOfLoan": "Education",
      "fullName": "Damian Bones",
      "mobilePhone": "081282731278",
      "placeOfBirth": "Tangerang",
      "gender": "male",
      "idType": "Passport",
      "education": "S1",
      "maritalStatus": "Married",
      "email": "damianbbon@yahoo.com",
      "province": "Banten",
      "city": "Tangerang",
      "speedscore" : "962"
    },
    {
      "id": 12,
      "loanProduct": "loan12",
      "loanAmount": 10657000,
      "loanCreatedDate": "2019-07-31",
      "waitingTime": "temp",
      "status": "temp",
      "purposeOfLoan": "Wedding",
      "fullName": "Kiara Rutherford",
      "mobilePhone": "081227539447",
      "placeOfBirth": "Pontianak",
      "gender": "female",
      "idType": "KTP",
      "education": "S3",
      "maritalStatus": "Widow",
      "email": "kiararuth@yahoo.com",
      "province": "Kalimantan Barat",
      "city": "Pontianak",
      "speedscore" : "888"
    }
  ]
