{"data":[{"_id":"543109aa71d816200f2a0e78","contact":{"picture":"https://s3.amazonaws.com/uifaces/faces/twitter/adamawesomeface/128.jpg","email":"LuciusKirlin.Larkin@hotmail.com","name":"Lucius Kirlin"},"subject":"Organic homogeneous conglomeration","body":"<h3>Open-source holistic challenge</h3><p>molestiae sunt vel nulla natus et distinctio\net quos esse\ndolores omnis  qui inventore suscipit perferendis quos et</p><p>accusamus maxime accusantium beatae tempore molestias\niure ab et\nnostrum earum ut accusantium esse ipsam sed\nest vero et</p><p>eveniet ab dignissimos ut\nin dignissimos aspernatur ut\nut esse optio ut</p><p>quod suscipit reprehenderit vero dolores\nqui voluptas aperiam et quisquam nostrum quos qui\nneque odio corporis\nsint consequatur possimus omnis libero magnam aut aliquam\nquis laudantium pariatur enim excepturi ut totam consectetur quae\ndistinctio ut eos quo non sit voluptate voluptatum modi ipsa</p><p>nesciunt ratione sed soluta recusandae aliquam itaque ex similique\ndebitis doloremque ex quasi harum ab\ndolorum cupiditate quia veritatis vel\neveniet est voluptatem distinctio dolores quo\ncum ducimus amet enim sit  dolorem eos aspernatur</p>","date":"2014-10-05T07:51:42.120Z","read":false,"folder":"draft","attachments":null,"labels":null}]}