{"data":[{"_id":"543109aa71d816200f2a0d55","contact":{"picture":"assets/img/avatars/5.png","email":"sadi.orlaf@smartadmin.com","name":"Sagi Orlaf"},"subject":"Re: Timelogs of last client","folder":"inbox","date":"2014-10-05T09:04:42.120Z","body":"<p>        Hey James,    </p>    <p>        Sed ut perspiciatis unde omnis iste natus error sit voluptatem accusantium doloremque laudantium, totam rem aperiam, eaque ipsa quae ab illo inventore veritatis et quasi architecto beatae vitae dicta sunt explicabo.    </p>            <p>        Nemo enim ipsam voluptatem quia voluptas sit aspernatur aut odit aut fugit, sed quia consequuntur magni dolores eos qui ratione voluptatem sequi nesciunt. Neque porro quisquam est, qui dolorem ipsum quia dolor sit amet, consectetur, adipisci velit. <i class=\"fa fa-smile-o\"></i>     </p>        <br>    <br>    Thanks,<br>     <strong>Sadi Orlaf</strong>    <br>    <br>    <small>        General Manager - Finance Department <br>         231 Ajax Rd, Detroit MI - 48212, USA        <br>        <i class=\"fa fa-phone\"> (313) 647 6471</i>     </small>    <br>        <img src=\"assets/img/logo-blacknwhite.png\" height=\"20\" width=\"auto\" style=\"margin-top:7px; padding-right:9px; border-right:1px dotted #9B9B9B;\">","attachments":[{"name":"rocketlaunch.jpg","picture":"assets/img/demo/sample.jpg","size":400000},{"name":"timelogs.xsl","size":1300000}],"labels":["work"]},{"_id":"543109aa71d816200f2a0dce","contact":{"picture":"https://s3.amazonaws.com/uifaces/faces/twitter/bigmancho/128.jpg","email":"VerniceKlingPhD_Pfannerstill32@hotmail.com","name":"Vernice Kling PhD"},"subject":"Networked optimizing flexibility","body":"<h3>Business-focused needs-based focus group</h3><p>est voluptate adipisci ut aut et perspiciatis non et\nnostrum voluptatem vel\naccusantium exercitationem odit earum\ndolores explicabo facere excepturi consequatur architecto\naut cum placeat omnis dolorem error odio molestiae\nincidunt consequatur et quod iusto voluptas id</p><p>qui autem officiis impedit mollitia exercitationem laborum id quis\nvelit aut qui eveniet voluptatibus inventore et\ndeleniti odit quae nulla\nunde et exercitationem qui praesentium ad similique\nnobis unde  reiciendis deserunt animi</p><p>veritatis soluta reiciendis aut mollitia porro vero molestias\net aspernatur eveniet nobis numquam cupiditate quo\nmaxime non odio asperiores et sapiente aut commodi amet\nnulla ex autem architecto similique omnis et qui quidem mollitia</p>","date":"2014-10-05T08:47:42.120Z","read":false,"folder":"inbox","attachments":null,"labels":null},{"_id":"543109aa71d816200f2a0e86","contact":{"picture":"https://s3.amazonaws.com/uifaces/faces/twitter/amywebbb/128.jpg","email":"RitaBahringer.Reichert@hotmail.com","name":"Rita Bahringer"},"subject":"Upgradable impactful installation","body":"<h3>Cross-group mission-critical database</h3><p>ratione  omnis consequatur accusamus iusto  alias\nquis eveniet expedita\nvoluptatem est voluptates id  possimus\net asperiores  quasi\nvelit sunt expedita molestiae</p><p>repellendus iste dolores et deserunt in maxime quae voluptatem quis\ncorporis deserunt tenetur quia\nsed inventore labore ut maiores et pariatur rerum aut\nrerum facere incidunt placeat eos vel alias doloremque necessitatibus debitis</p><p>numquam quos dolor non impedit in alias vel\npariatur nostrum autem ut quibusdam voluptas molestias animi alias aut\nvoluptas pariatur  magni sed nemo exercitationem iure rerum sed\nnobis quod aut quo delectus nisi\nquia sapiente harum qui</p><p>officia consequatur ut sit iusto\nqui incidunt cupiditate et quia porro quia\nrem ea assumenda iste atque officia reiciendis ut\ntempora repellat debitis sit dolore consequatur odio ut praesentium qui\nquod quidem similique commodi quae  fugit culpa tenetur \nsequi veritatis deserunt ullam</p>","date":"2014-10-05T08:42:42.120Z","read":true,"folder":"inbox","attachments":[{"name":"amet.xlsx","size":8536000}],"labels":["work"]},{"_id":"543109aa71d816200f2a0de3","contact":{"picture":"https://s3.amazonaws.com/uifaces/faces/twitter/lebronjennan/128.jpg","email":"DarrelThompson_Zieme21@gmail.com","name":"Darrel Thompson"},"subject":"Realigned stable support","body":"<h3>Optional upward-trending encryption</h3><p>fugit ex recusandae nemo qui  molestiae\nquibusdam ratione sunt similique sint\ndicta ut omnis id sed optio consequatur beatae\ncupiditate omnis corporis assumenda nihil temporibus\nreiciendis delectus dignissimos  eum quia est\nsed et error voluptatum dolorem</p><p>consequuntur nihil qui voluptate ea aspernatur autem vero\nautem quia laboriosam ut explicabo incidunt autem corporis\ndolorem  minima iste dolorum eligendi aut fugit quae\nvel doloremque sit a est modi</p>","date":"2014-10-05T08:40:42.120Z","read":false,"folder":"inbox","attachments":[{"name":"suscipit.pdf","size":1803000},{"name":"aut.docx","size":1563000},{"name":"nihil.txt","size":7466000},{"name":"praesentiumundefined","size":8675000},{"name":"qui.xlsx","size":3175000},{"name":"non.xlsx","size":8671000}],"labels":null},{"_id":"543109aa71d816200f2a0ec7","contact":{"picture":"https://s3.amazonaws.com/uifaces/faces/twitter/amywebbb/128.jpg","email":"RitaBahringer.Reichert@hotmail.com","name":"Rita Bahringer"},"subject":"Customer-focused uniform success","body":"<h3>Versatile zero tolerance migration</h3><p>blanditiis eligendi optio\n magnam vel velit qui omnis fugit nam aperiam\n et voluptas qui\ndoloremque similique quod sit sit veniam iste mollitia qui quia\neligendi est qui accusantium commodi assumenda tempore quibusdam error\nvoluptas dolor dolorem quibusdam et ea iusto</p><p>voluptate earum commodi ab aliquam tenetur et\nvoluptas itaque sapiente quo  nobis autem eaque porro\nut deleniti eligendi</p><p> voluptas magnam\nsit possimus fugit suscipit aliquam totam et\nin omnis magnam et aut quis ad quis nihil rerum\nomnis et atque qui consequatur quod corporis</p><p>nulla in exercitationem occaecati inventore reprehenderit et\nnihil quia officia aut velit  et qui aperiam minus\nvoluptas sit aperiam odit quia  modi placeat nam</p>","date":"2014-10-05T08:40:42.120Z","read":true,"folder":"inbox","attachments":[{"name":"cumque.pdf","size":3916000},{"name":"ducimus.docx","size":5879000}],"labels":["work"]},{"_id":"543109aa71d816200f2a0def","contact":{"picture":"https://s3.amazonaws.com/uifaces/faces/twitter/iamgarth/128.jpg","email":"JordiPredovic88@gmail.com","name":"Jordi Predovic"},"subject":"Ameliorated attitude-oriented structure","body":"<h3>Mandatory homogeneous policy</h3><p>illum vero beatae corrupti ut  vel\nperferendis quaerat odit aut esse\naspernatur quas dolorem aperiam reprehenderit quaerat quo\nmolestiae distinctio iure et</p><p>explicabo natus et  maiores\nnobis consequatur sit\ninventore quis molestias\noptio consequatur qui velit </p><p>praesentium est aut consequatur error reprehenderit\nvelit expedita repudiandae laborum laudantium enim est placeat minus\nquidem  nam ad repellat maiores\nofficia similique quaerat molestias ratione\nest enim soluta laboriosam voluptates quas eum</p><p>tempore id ut ad dolor\nex soluta a\nid velit animi non inventore et vel  qui est\nat architecto quia aut eaque ipsam quidem dicta\nvelit illo quo eum voluptatibus</p><p>at repudiandae assumenda  fugiat provident illo in\nut assumenda vel autem sequi\nvoluptates eos tempora molestiae in reiciendis eligendi quos cum</p>","date":"2014-10-05T08:39:42.120Z","read":true,"folder":"inbox","attachments":null,"labels":null},{"_id":"543109aa71d816200f2a0e4d","contact":{"picture":"https://s3.amazonaws.com/uifaces/faces/twitter/lebronjennan/128.jpg","email":"DarrelThompson_Zieme21@gmail.com","name":"Darrel Thompson"},"subject":"Up-sized tertiary structure","body":"<h3>Horizontal client-server superstructure</h3><p>quis modi omnis quo necessitatibus exercitationem\nid fuga corrupti enim \nmagnam eos omnis eaque rerum ducimus maxime occaecati quidem vel</p><p>architecto odit eligendi corrupti soluta ab quibusdam et ducimus\nofficia soluta nesciunt repellendus sint ipsa accusamus nihil molestiae labore\noptio  quia eligendi  facere culpa reiciendis fugit\nexercitationem quis culpa   ut fuga adipisci\naut  et explicabo sit numquam sint voluptates</p><p>numquam  sapiente harum veritatis impedit dolorum\nasperiores officia eum ut aspernatur quasi et rerum\nillum possimus impedit maxime sunt aut\niste ipsam sed aut\n blanditiis eius reprehenderit</p>","date":"2014-10-05T08:33:42.120Z","read":false,"folder":"inbox","attachments":null,"labels":null},{"_id":"543109aa71d816200f2a0dd9","contact":{"picture":"https://s3.amazonaws.com/uifaces/faces/twitter/vladyn/128.jpg","email":"Mr.SantinaBradtke9@hotmail.com","name":"Mr. Santina Bradtke"},"subject":"Devolved incremental secured line","body":"<h3>Robust executive structure</h3><p>non qui dolore\nipsum aut ea  doloribus sint\nsapiente placeat fugiat ut\nsuscipit optio officia quaerat excepturi  quis dolorum\nomnis eos sed dolorem</p><p>sint in sapiente reprehenderit suscipit nisi delectus voluptas\nmodi harum iste voluptatibus exercitationem dolorem quisquam debitis accusantium\nsit corporis magni dolores quis aut et beatae \nlibero nemo neque assumenda atque animi aut\nsed doloribus rerum eum ipsam est alias tenetur</p>","date":"2014-10-05T08:31:42.120Z","read":false,"folder":"inbox","attachments":[{"name":"magnam.docx","size":6361000},{"name":"perferendis.xlsx","size":658000},{"name":"corporis.docx","size":948000},{"name":"laudantium.docx","size":9266000},{"name":"ab.xlsx","size":2372000}],"labels":null},{"_id":"543109aa71d816200f2a0e2a","contact":{"picture":"https://s3.amazonaws.com/uifaces/faces/twitter/hoangloi/128.jpg","email":"KariAnkunding73@gmail.com","name":"Kari Ankunding"},"subject":"Stand-alone systematic customer loyalty","body":"<h3>De-engineered human-resource knowledge base</h3><p>reprehenderit quod aut a\nqui velit qui rerum modi dolorem inventore\nvero laudantium quis dolorum modi hic repudiandae veniam\nillum voluptatem velit inventore assumenda  ea voluptas repellendus velit\nnon modi iure eos aut\nlaborum esse necessitatibus blanditiis eius</p>","date":"2014-10-05T08:30:42.120Z","read":true,"folder":"inbox","attachments":null,"labels":["work"]},{"_id":"543109aa71d816200f2a0e6c","contact":{"picture":"https://s3.amazonaws.com/uifaces/faces/twitter/bigmancho/128.jpg","email":"VerniceKlingPhD_Pfannerstill32@hotmail.com","name":"Vernice Kling PhD"},"subject":"Enterprise-wide zero tolerance superstructure","body":"<h3>Ergonomic clear-thinking internet solution</h3><p>at dolorem qui recusandae impedit\nsaepe unde iste aut quas provident ratione sint  facere\net tempora nemo ut accusamus tempore voluptas eligendi et minus\nin delectus molestias  dolores id consectetur est\nerror beatae perspiciatis exercitationem aut qui odio dolor vel et\nqui ut minus</p><p> ut temporibus voluptatem\neum unde animi et deleniti vitae maxime veniam\nnihil placeat et facilis numquam\naut quae tempora ullam repellat ea accusantium mollitia\nnisi provident nostrum nesciunt vel aliquid vitae quaerat at\neos hic cupiditate</p><p>qui error et modi sit commodi eos mollitia debitis\nassumenda eos autem quidem\nvoluptatem ut voluptates quae magni quo vel laborum</p><p>asperiores officia  ratione saepe\noccaecati fugit fugiat\nreiciendis quia  impedit saepe\nnihil nobis aut ut  et voluptatibus aperiam\nnisi et sit officiis facilis illum quos officia\nrepellendus et et consequuntur quasi harum esse ut quas repellat</p>","date":"2014-10-05T08:28:42.120Z","read":false,"folder":"inbox","attachments":[{"name":"ipsa.xlsx","size":3508000},{"name":"undefined.xlsx","size":5398000}],"labels":null},{"_id":"543109aa71d816200f2a0da9","contact":{"picture":"https://s3.amazonaws.com/uifaces/faces/twitter/aaronkwhite/128.jpg","email":"Dr.RyanMcCullough.DAmore17@yahoo.com","name":"Dr. Ryan McCullough"},"subject":"Focused non-volatile policy","body":"<h3>Organized disintermediate Graphic Interface</h3><p>velit consequatur et deleniti\nerror voluptas facere illum quasi officia voluptatem\nsed vitae quasi et reprehenderit repudiandae asperiores corrupti in expedita</p>","date":"2014-10-05T08:27:42.120Z","read":false,"folder":"inbox","attachments":null,"labels":["home"]},{"_id":"543109aa71d816200f2a0e64","contact":{"picture":"https://s3.amazonaws.com/uifaces/faces/twitter/hoangloi/128.jpg","email":"KariAnkunding73@gmail.com","name":"Kari Ankunding"},"subject":"Open-architected full-range hub","body":"<h3>Self-enabling zero tolerance project</h3><p>minima ipsa omnis voluptas hic quisquam aliquid laboriosam\nvoluptate repellendus esse aut voluptatem quaerat ex officia non qui\naccusamus tempore sint animi maiores qui\n eos esse quas ullam </p><p>voluptatum sapiente accusamus  ut itaque odio molestias\nin et id\naliquam aperiam id error  labore eaque et\neius aut rerum sit sint tenetur eum </p><p>at distinctio ipsa tenetur laudantium recusandae aliquam est et\nmodi odio quis\nquam libero et omnis delectus accusantium quia dignissimos optio doloremque\nmagnam rerum eligendi blanditiis\n sunt dolor molestiae</p>","date":"2014-10-05T08:26:42.120Z","read":false,"folder":"inbox","attachments":null,"labels":null},{"_id":"543109aa71d816200f2a0e83","contact":{"picture":"https://s3.amazonaws.com/uifaces/faces/twitter/markjenkins/128.jpg","email":"NettieWiegand57@gmail.com","name":"Nettie Wiegand"},"subject":"Open-architected transitional product","body":"<h3>Re-engineered interactive methodology</h3><p>excepturi explicabo harum voluptatibus\n nihil in error\natque quam repudiandae aliquam sunt sunt error  possimus enim\nquibusdam sint vero nemo</p><p>dolore esse tenetur  qui temporibus deserunt natus\nquis aut reiciendis\net laborum doloribus accusantium et odio qui harum</p><p>ullam illo \nminima suscipit qui\nid sint voluptas \nquam ex tempore\nut ipsum nihil omnis numquam quibusdam</p><p>qui nihil magni rerum voluptatem\nlaborum et accusantium\nerror animi dolorem quis beatae</p><p>quisquam sunt omnis consequuntur sint non repellat architecto et ratione\nquo harum placeat voluptatem  expedita eos sapiente eum\nut et reiciendis sint vel\nea fuga labore\nid assumenda consequuntur sed autem adipisci culpa</p>","date":"2014-10-05T08:23:42.120Z","read":false,"folder":"inbox","attachments":null,"labels":null},{"_id":"543109aa71d816200f2a0ebd","contact":{"picture":"https://s3.amazonaws.com/uifaces/faces/twitter/gcmorley/128.jpg","email":"PaytonJacobson_Zulauf@hotmail.com","name":"Payton Jacobson"},"subject":"Fundamental modular product","body":"<h3>Proactive clear-thinking focus group</h3><p>laborum dolores qui eum minus veniam ut\neveniet error accusantium rerum\nerror  asperiores voluptatem aut qui</p><p> odit quis  beatae\nsed autem doloribus optio\nenim aut odio et hic nobis illum consequatur et\nqui sunt optio corporis</p><p>perspiciatis et   beatae consequatur sit eveniet dolores\nporro suscipit est unde omnis autem est dolores qui\nad eligendi deserunt eum veniam aut et</p><p>voluptates aliquam voluptas quasi et inventore  eligendi recusandae\n beatae laudantium dolor ea est\naut iure dolores exercitationem</p>","date":"2014-10-05T08:14:42.120Z","read":false,"folder":"inbox","attachments":null,"labels":null},{"_id":"543109aa71d816200f2a0ea7","contact":{"picture":"https://s3.amazonaws.com/uifaces/faces/twitter/kevinjohndayy/128.jpg","email":"VernaStoltenberg59@hotmail.com","name":"Verna Stoltenberg"},"subject":"Team-oriented client-server benchmark","body":"<h3>Monitored hybrid Graphic Interface</h3><p>deserunt aperiam ut vitae iste\naliquid enim unde numquam magnam\ncupiditate est eum error dicta\ndoloribus  ipsa sapiente sunt qui\niste est in aut minima inventore quasi\ndignissimos eligendi aperiam aliquam blanditiis qui nemo</p><p>sit voluptate eius eaque est\nalias quia ea consequuntur fuga totam\nfuga ipsum cumque rerum est\nsit provident rerum</p><p>aspernatur deserunt dolore nobis qui hic\nvoluptas reprehenderit aperiam\nea  ut autem sit laborum\namet id  eos velit dolorum dignissimos\namet autem ea molestias\nconsequatur accusamus vel harum eveniet sunt alias</p>","date":"2014-10-05T08:11:42.120Z","read":false,"folder":"inbox","attachments":null,"labels":null},{"_id":"543109aa71d816200f2a0e9f","contact":{"picture":"https://s3.amazonaws.com/uifaces/faces/twitter/sergeyalmone/128.jpg","email":"AmirSchulist36@gmail.com","name":"Amir Schulist"},"subject":"Function-based empowering emulation","body":"<h3>Fully-configurable bandwidth-monitored process improvement</h3><p>qui nisi aut  consequatur non amet modi voluptas aut\nsit dicta quia aut qui autem sed\nqui possimus sit et ipsam quia explicabo\ncorrupti deleniti sunt  ut facere hic reiciendis quis</p><p>velit sunt ipsum\npariatur repudiandae sint est aperiam ut voluptas recusandae consequatur\nvoluptas fugit voluptas minima omnis nemo consequatur et\nest enim consequatur repudiandae rerum voluptatem tenetur nesciunt\nad ratione ut optio dignissimos voluptates\nad vitae incidunt cumque est quo rerum</p><p>aperiam ut iure in\neum ut temporibus odio  quia alias omnis \nvoluptas qui culpa nihil\ndolorem perferendis officiis sapiente aperiam voluptatem quos dolorum voluptas</p><p>sequi qui quia eaque ipsam totam enim minus perspiciatis harum\neveniet saepe recusandae\nmolestiae perferendis ea beatae quas  sed enim\nanimi ipsam quidem itaque\ndignissimos soluta iure reiciendis velit</p>","date":"2014-10-05T08:09:42.120Z","read":true,"folder":"inbox","attachments":null,"labels":null},{"_id":"543109aa71d816200f2a0d70","contact":{"picture":"https://s3.amazonaws.com/uifaces/faces/twitter/iamsteffen/128.jpg","email":"EphraimBoehm_Torphy@gmail.com","name":"Ephraim Boehm"},"subject":"Stand-alone well-modulated ability","body":"<h3>Triple-buffered scalable capacity</h3><p>aut nemo voluptas minus rerum\nnisi velit odio consectetur iure\nconsequuntur temporibus nemo fugit\net minus asperiores soluta illum rerum sit veniam</p>","date":"2014-10-05T08:08:42.120Z","read":false,"folder":"inbox","attachments":null,"labels":null},{"_id":"543109aa71d816200f2a0e0e","contact":{"picture":"https://s3.amazonaws.com/uifaces/faces/twitter/jeremyshimko/128.jpg","email":"BethErdman_Kerluke44@gmail.com","name":"Beth Erdman"},"subject":"Balanced directional structure","body":"<h3>Implemented clear-thinking middleware</h3><p>harum commodi voluptates assumenda sequi iure non labore\nmolestiae rerum necessitatibus et ratione quo quibusdam\nrepellat fugit consequatur autem aut quia sequi magni nisi\ndolorum harum ipsam atque aut omnis illum\naperiam suscipit debitis quas dolores quibusdam consequuntur nesciunt\ncum similique ut id maxime neque dicta in saepe doloremque</p><p>est quis \nest voluptatem necessitatibus voluptatem quis inventore ut saepe\nincidunt quae asperiores quis veritatis sit\nnihil non numquam\nipsum corporis itaque velit aliquam qui placeat soluta ut</p>","date":"2014-10-05T08:07:42.120Z","read":true,"folder":"inbox","attachments":null,"labels":null},{"_id":"543109aa71d816200f2a0d65","contact":{"picture":"https://s3.amazonaws.com/uifaces/faces/twitter/badlittleduck/128.jpg","email":"SkylarGlover_Gottlieb76@hotmail.com","name":"Skylar Glover"},"subject":"Enterprise-wide mobile functionalities","body":"<h3>Up-sized actuating budgetary management</h3><p>nobis excepturi blanditiis ab harum saepe quo dolor omnis recusandae\nlibero harum sed sequi\ndolorem et blanditiis voluptatem velit consectetur fuga itaque provident enim\nquod accusamus laboriosam quae ex aut tempore</p><p>animi aperiam minima ratione voluptatum voluptatem\nab molestiae eaque sequi quisquam consequuntur blanditiis repellendus\nest illo laborum porro voluptas\nvoluptatibus itaque dignissimos soluta vel\nmagnam velit id vel nostrum aliquid rem aperiam blanditiis\nconsequatur animi explicabo repudiandae maiores accusantium</p><p>blanditiis dignissimos deserunt iure qui est id quas sequi\nvelit magnam iure qui quam vel non aspernatur suscipit\net harum ut rem quas accusantium reprehenderit est sed\net dolores quis est cupiditate\nminima eligendi officiis reprehenderit</p><p>at vel eligendi nesciunt impedit corrupti nulla\nad dolorem debitis\nitaque id quo voluptates accusantium\nvelit ut aut non molestias hic quis sed sit voluptates\nsuscipit vitae facilis veritatis ut error aperiam porro nihil quia</p>","date":"2014-10-05T08:04:42.120Z","read":true,"folder":"inbox","attachments":null,"labels":["home"]},{"_id":"543109aa71d816200f2a0d81","contact":{"picture":"https://s3.amazonaws.com/uifaces/faces/twitter/amywebbb/128.jpg","email":"RitaBahringer.Reichert@hotmail.com","name":"Rita Bahringer"},"subject":"Front-line actuating benchmark","body":"<h3>Fully-configurable directional capability</h3><p>aut ut ut praesentium consectetur temporibus optio\neveniet neque velit esse commodi qui voluptatum\nrepellat vel nihil non sit eligendi possimus\nqui aspernatur totam omnis accusantium ea doloribus in</p><p>et pariatur non dolorem\nalias velit nihil quia id sunt et impedit eum occaecati\nodio qui porro</p>","date":"2014-10-05T08:03:42.120Z","read":false,"folder":"inbox","attachments":[{"name":"et.txt","size":7236000}],"labels":null},{"_id":"543109aa71d816200f2a0e28","contact":{"picture":"https://s3.amazonaws.com/uifaces/faces/twitter/allagringaus/128.jpg","email":"RoxanneLedner_Barrows@gmail.com","name":"Roxanne Ledner"},"subject":"Networked human-resource service-desk","body":"<h3>Monitored zero tolerance orchestration</h3><p>cum laboriosam mollitia doloremque quis sit est sequi architecto atque\nsimilique odio repellat\nimpedit iusto dicta omnis cumque nam in animi inventore\nsoluta porro sed dolor veritatis quod maiores  molestiae ullam\nnulla id soluta atque qui delectus</p><p> officiis quod cupiditate\nquia sit minus quos magni\natque reprehenderit soluta</p>","date":"2014-10-05T08:02:42.120Z","read":true,"folder":"inbox","attachments":null,"labels":["work"]},{"_id":"543109aa71d816200f2a0d89","contact":{"picture":"https://s3.amazonaws.com/uifaces/faces/twitter/lebronjennan/128.jpg","email":"DarrelThompson_Zieme21@gmail.com","name":"Darrel Thompson"},"subject":"Pre-emptive didactic attitude","body":"<h3>User-centric didactic task-force</h3><p>porro voluptas harum\ncorrupti labore similique\nfacilis porro repellendus\nveritatis et in quia asperiores quos velit</p>","date":"2014-10-05T08:01:42.120Z","read":true,"folder":"inbox","attachments":null,"labels":["work"]},{"_id":"543109aa71d816200f2a0d5a","contact":{"picture":"https://s3.amazonaws.com/uifaces/faces/twitter/aaronkwhite/128.jpg","email":"Dr.RyanMcCullough.DAmore17@yahoo.com","name":"Dr. Ryan McCullough"},"subject":"Decentralized encompassing toolset","body":"<h3>Digitized actuating strategy</h3><p>amet est eligendi aut cum perferendis et\ninventore dolore perspiciatis et occaecati et animi quae magni\nbeatae neque sequi quis est harum et nostrum\ncumque porro enim\nquis consequatur itaque iure voluptatum eveniet nulla architecto\net placeat eius possimus dolorum consectetur aperiam corrupti</p><p>tenetur aut praesentium enim quasi illum\nomnis similique totam porro delectus corrupti error\ndelectus est rerum ad non voluptates\namet quaerat voluptatum quia doloremque voluptate\nqui minima ducimus rerum ullam magni qui in\naliquid repellendus et illum velit sint ut similique modi</p>","date":"2014-10-05T07:47:42.120Z","read":true,"folder":"inbox","attachments":null,"labels":null},{"_id":"543109aa71d816200f2a0e56","contact":{"picture":"https://s3.amazonaws.com/uifaces/faces/twitter/s4f1/128.jpg","email":"MissAdellaStanton21@gmail.com","name":"Miss Adella Stanton"},"subject":"Universal grid-enabled matrices","body":"<h3>Reduced tangible info-mediaries</h3><p>provident voluptatem tempore deleniti et est at dolore quaerat nostrum\n accusamus libero cumque qui\nnihil aut nihil\ndeserunt reiciendis nobis omnis omnis veritatis voluptas</p>","date":"2014-10-05T07:46:42.120Z","read":true,"folder":"inbox","attachments":null,"labels":null},{"_id":"543109aa71d816200f2a0e96","contact":{"picture":"https://s3.amazonaws.com/uifaces/faces/twitter/osmond/128.jpg","email":"WilberGaylord57@hotmail.com","name":"Wilber Gaylord"},"subject":"Optional composite hardware","body":"<h3>Proactive multimedia budgetary management</h3><p>aut ipsam sit maxime placeat voluptates vel consectetur quidem repellendus\nsit qui praesentium\nea ullam voluptatibus maxime velit quisquam expedita eius molestiae id</p><p>deserunt ut architecto sapiente ut earum et\net quis enim\niure pariatur quibusdam autem ab qui enim iusto odit</p>","date":"2014-10-05T07:38:42.120Z","read":true,"folder":"inbox","attachments":null,"labels":null}]}
