{"data":[{"_id":"543109aa71d816200f2a0da3","contact":{"picture":"https://s3.amazonaws.com/uifaces/faces/twitter/allagringaus/128.jpg","email":"RoxanneLedner_Barrows@gmail.com","name":"Roxanne Ledner"},"subject":"Inverse object-oriented strategy","body":"<h3>Stand-alone human-resource collaboration</h3><p>sit est voluptatem omnis eveniet et consequatur quos consequatur aliquid\nnobis vel quod distinctio molestiae nulla\nmolestias perferendis dignissimos inventore non autem doloremque est\npraesentium odio repellendus placeat</p><p>libero fugiat aut rem maiores molestiae beatae dolore non\nquod voluptatum ipsa eos\ndignissimos consequuntur nobis in\nsint occaecati sed illum beatae molestiae nostrum aliquid eveniet</p><p>reiciendis esse et ducimus qui culpa molestiae\nlaudantium sunt accusantium recusandae culpa delectus velit dicta eius\nreiciendis et porro saepe voluptatem assumenda accusamus\ndolor sunt distinctio qui</p><p>et laborum quia quaerat dicta enim quae ex ea eum\nvoluptas explicabo tenetur doloremque sit omnis odit labore esse nobis\nrepudiandae voluptate exercitationem quae quos\nalias et numquam est quis\ndeleniti sit eligendi nihil</p>","date":"2014-10-05T08:22:42.120Z","read":false,"folder":"sent","attachments":null,"labels":null},{"_id":"543109aa71d816200f2a0e7e","contact":{"picture":"https://s3.amazonaws.com/uifaces/faces/twitter/aaronkwhite/128.jpg","email":"Dr.RyanMcCullough.DAmore17@yahoo.com","name":"Dr. Ryan McCullough"},"subject":"Progressive hybrid open architecture","body":"<h3>Function-based bifurcated local area network</h3><p>officiis quo autem nam\nmollitia necessitatibus nihil sed dolore qui modi repudiandae eos ex\nea ducimus et vel aut aut id nihil accusantium\nsed modi quasi</p><p>quam  labore et asperiores  quia\nrerum nemo commodi eum voluptas cumque \naut dolore quisquam sed a molestiae expedita ex exercitationem tenetur\ndoloribus cupiditate dolor rerum dicta</p><p>quae maxime vel quidem voluptatem  nisi nihil eos corporis\nvitae numquam voluptatem reiciendis voluptas corrupti enim sint\nmaiores rerum non minus sint quia est\nsequi velit corporis aliquid non perferendis id\ninventore facilis qui voluptas dolor corporis doloribus placeat beatae\naccusamus hic numquam</p>","date":"2014-10-05T08:08:42.120Z","read":false,"folder":"sent","attachments":null,"labels":null},{"_id":"543109aa71d816200f2a0d91","contact":{"picture":"https://s3.amazonaws.com/uifaces/faces/twitter/iamsteffen/128.jpg","email":"EphraimBoehm_Torphy@gmail.com","name":"Ephraim Boehm"},"subject":"Enhanced 5th generation orchestration","body":"<h3>Reverse-engineered optimal structure</h3><p>tempora dolores autem debitis\nquo inventore accusamus architecto omnis\nomnis ratione recusandae nulla maiores animi repellat ab illum\nquaerat iure alias quia inventore aspernatur\ndeleniti id non ut consequuntur dolorem fugiat possimus\nquam ullam doloremque velit dicta in nisi</p><p>est sed amet illum quidem saepe maxime quo\net architecto minima assumenda consequuntur harum nulla repellendus quam quo\npossimus excepturi sed sit quo incidunt ipsam iure\naut suscipit iste ratione rerum vel nobis\nnecessitatibus quo libero rerum dolores id saepe eaque consequatur sit\ntempore est sed nihil a est voluptatem quasi nesciunt cupiditate</p>","date":"2014-10-05T08:07:42.120Z","read":false,"folder":"sent","attachments":null,"labels":null},{"_id":"543109aa71d816200f2a0dbb","contact":{"picture":"https://s3.amazonaws.com/uifaces/faces/twitter/dmackerman/128.jpg","email":"BuddyKassulke5@hotmail.com","name":"Buddy Kassulke"},"subject":"Reactive exuding structure","body":"<h3>Reverse-engineered system-worthy capability</h3><p>itaque nostrum aut\niste quidem earum voluptas quisquam iusto necessitatibus\net tempora occaecati\nnumquam commodi natus eveniet repellat quos recusandae soluta sapiente\naliquid aut facilis aperiam amet quam qui aut dolorem quasi\niusto at et quasi non dolores laboriosam porro veritatis</p><p>aut ea voluptas sed harum consequatur veniam et voluptate\ndolores impedit eveniet\ndeserunt dicta voluptas quia quod aliquid\nsint aut at\nminus iusto quia</p><p>eos  non qui pariatur qui ex dolore impedit\naut possimus similique sit error ea laboriosam aspernatur et\nnemo dolorem quis voluptatem</p>","date":"2014-10-05T07:56:42.120Z","read":true,"folder":"sent","attachments":null,"labels":null}]}