{
  "salesChartData":[["2007-12-01T00:00:00.000Z",0],["2007-12-02T00:00:00.000Z",0],["2007-12-03T00:00:00.000Z",0],["2007-12-04T00:00:00.000Z",77],["2007-12-05T00:00:00.000Z",3636],["2007-12-06T00:00:00.000Z",3575],["2007-12-07T00:00:00.000Z",2736],["2007-12-08T00:00:00.000Z",1086],["2007-12-09T00:00:00.000Z",676],["2007-12-10T00:00:00.000Z",1205],["2007-12-11T00:00:00.000Z",906],["2007-12-12T00:00:00.000Z",710],["2007-12-13T00:00:00.000Z",639],["2007-12-14T00:00:00.000Z",540],["2007-12-15T00:00:00.000Z",435],["2007-12-16T00:00:00.000Z",301],["2007-12-17T00:00:00.000Z",575],["2007-12-18T00:00:00.000Z",481],["2007-12-19T00:00:00.000Z",591],["2007-12-20T00:00:00.000Z",608],["2007-12-21T00:00:00.000Z",459],["2007-12-22T00:00:00.000Z",234],["2007-12-23T00:00:00.000Z",1352],["2007-12-24T00:00:00.000Z",686],["2007-12-25T00:00:00.000Z",279],["2007-12-26T00:00:00.000Z",449],["2007-12-27T00:00:00.000Z",468],["2007-12-28T00:00:00.000Z",392],["2007-12-29T00:00:00.000Z",282],["2007-12-30T00:00:00.000Z",208],["2007-12-31T00:00:00.000Z",229],["2008-01-01T00:00:00.000Z",177],["2008-01-02T00:00:00.000Z",374],["2008-01-03T00:00:00.000Z",436],["2008-01-04T00:00:00.000Z",404],["2008-01-05T00:00:00.000Z",253],["2008-01-06T00:00:00.000Z",218],["2008-01-07T00:00:00.000Z",476],["2008-01-08T00:00:00.000Z",462],["2008-01-09T00:00:00.000Z",500],["2008-01-10T00:00:00.000Z",700],["2008-01-11T00:00:00.000Z",750],["2008-01-12T00:00:00.000Z",600],["2008-01-13T00:00:00.000Z",500],["2008-01-14T00:00:00.000Z",900],["2008-01-15T00:00:00.000Z",930],["2008-01-16T00:00:00.000Z",1200],["2008-01-17T00:00:00.000Z",980],["2008-01-18T00:00:00.000Z",950],["2008-01-19T00:00:00.000Z",900],["2008-01-20T00:00:00.000Z",1000],["2008-01-21T00:00:00.000Z",1050],["2008-01-22T00:00:00.000Z",1150],["2008-01-23T00:00:00.000Z",1100],["2008-01-24T00:00:00.000Z",1200],["2008-01-25T00:00:00.000Z",1300],["2008-01-26T00:00:00.000Z",1700],["2008-01-27T00:00:00.000Z",1450],["2008-01-28T00:00:00.000Z",1500],["2008-01-29T00:00:00.000Z",546],["2008-01-30T00:00:00.000Z",614],["2008-01-31T00:00:00.000Z",954],["2008-02-01T00:00:00.000Z",1700],["2008-02-02T00:00:00.000Z",1800],["2008-02-03T00:00:00.000Z",1900],["2008-02-04T00:00:00.000Z",2000],["2008-02-05T00:00:00.000Z",2100],["2008-02-06T00:00:00.000Z",2200],["2008-02-07T00:00:00.000Z",2300],["2008-02-08T00:00:00.000Z",2400],["2008-02-09T00:00:00.000Z",2550],["2008-02-10T00:00:00.000Z",2600],["2008-02-11T00:00:00.000Z",2500],["2008-02-12T00:00:00.000Z",2700],["2008-02-13T00:00:00.000Z",2750],["2008-02-14T00:00:00.000Z",2800],["2008-02-15T00:00:00.000Z",3245],["2008-02-16T00:00:00.000Z",3345],["2008-02-17T00:00:00.000Z",3000],["2008-02-18T00:00:00.000Z",3200],["2008-02-19T00:00:00.000Z",3300],["2008-02-20T00:00:00.000Z",3400],["2008-02-21T00:00:00.000Z",3600],["2008-02-22T00:00:00.000Z",3700],["2008-02-23T00:00:00.000Z",3800],["2008-02-24T00:00:00.000Z",4000],["2008-02-25T00:00:00.000Z",4500]],
  "barChartData": [
    {
      "data": [
        [
          0,
          10
        ],
        [
          1,
          23
        ],
        [
          2,
          19
        ],
        [
          3,
          28
        ],
        [
          4,
          25
        ],
        [
          5,
          29
        ],
        [
          6,
          7
        ],
        [
          7,
          23
        ],
        [
          8,
          15
        ],
        [
          9,
          3
        ],
        [
          10,
          17
        ],
        [
          11,
          13
        ]
      ],
      "bars": {
        "show": true,
        "barWidth": 0.2,
        "order": 1
      }
    },
    {
      "data": [
        [
          0,
          2
        ],
        [
          1,
          0
        ],
        [
          2,
          17
        ],
        [
          3,
          29
        ],
        [
          4,
          17
        ],
        [
          5,
          2
        ],
        [
          6,
          28
        ],
        [
          7,
          7
        ],
        [
          8,
          22
        ],
        [
          9,
          25
        ],
        [
          10,
          2
        ],
        [
          11,
          14
        ]
      ],
      "bars": {
        "show": true,
        "barWidth": 0.2,
        "order": 2
      }
    },
    {
      "data": [
        [
          0,
          28
        ],
        [
          1,
          28
        ],
        [
          2,
          11
        ],
        [
          3,
          4
        ],
        [
          4,
          18
        ],
        [
          5,
          25
        ],
        [
          6,
          14
        ],
        [
          7,
          24
        ],
        [
          8,
          10
        ],
        [
          9,
          20
        ],
        [
          10,
          27
        ],
        [
          11,
          18
        ]
      ],
      "bars": {
        "show": true,
        "barWidth": 0.2,
        "order": 3
      }
    }
  ],
  "horizontalBarChartData": [
    {
      "data": [
        [
          0,
          26
        ],
        [
          1,
          1
        ],
        [
          2,
          23
        ],
        [
          3,
          5
        ]
      ],
      "bars": {
        "horizontal": true,
        "show": true,
        "barWidth": 0.2,
        "order": 1
      }
    },
    {
      "data": [
        [
          0,
          5
        ],
        [
          1,
          10
        ],
        [
          2,
          9
        ],
        [
          3,
          6
        ]
      ],
      "bars": {
        "horizontal": true,
        "show": true,
        "barWidth": 0.2,
        "order": 2
      }
    },
    {
      "data": [
        [
          0,
          16
        ],
        [
          1,
          12
        ],
        [
          2,
          26
        ],
        [
          3,
          24
        ]
      ],
      "bars": {
        "horizontal": true,
        "show": true,
        "barWidth": 0.2,
        "order": 3
      }
    }
  ],
  "sinChartData": [
    {
      "data": [[0,0],[0.5,0.479425538604203],[1,0.8414709848078965],[1.5,0.9974949866040544],[2,0.9092974268256817],[2.5,0.5984721441039564],[3,0.1411200080598672],[3.5,-0.35078322768961984],[4,-0.7568024953079282],[4.5,-0.977530117665097],[5,-0.9589242746631385],[5.5,-0.7055403255703919],[6,-0.27941549819892586],[6.5,0.21511998808781552],[7,0.6569865987187891],[7.5,0.9379999767747389],[8,0.9893582466233818],[8.5,0.7984871126234903],[9,0.4121184852417566],[9.5,-0.0751511204618093],[10,-0.5440211108893698],[10.5,-0.87969575997167],[11,-0.9999902065507035],[11.5,-0.8754521746884285],[12,-0.5365729180004349],[12.5,-0.06632189735120068],[13,0.4201670368266409],[13.5,0.803784426551621],[14,0.9906073556948704],[14.5,0.934895055524683],[15,0.6502878401571168],[15.5,0.2064674819377966]],
      "label": "sin(x)"
    },
    {
      "data": [[0,1],[0.5,0.8775825618903728],[1,0.5403023058681398],[1.5,0.0707372016677029],[2,-0.4161468365471424],[2.5,-0.8011436155469337],[3,-0.9899924966004454],[3.5,-0.9364566872907963],[4,-0.6536436208636119],[4.5,-0.2107957994307797],[5,0.28366218546322625],[5.5,0.70866977429126],[6,0.9601702866503661],[6.5,0.9765876257280235],[7,0.7539022543433046],[7.5,0.3466353178350258],[8,-0.14550003380861354],[8.5,-0.6020119026848236],[9,-0.9111302618846769],[9.5,-0.9971721561963784],[10,-0.8390715290764524],[10.5,-0.47553692799599256],[11,0.004425697988050785],[11.5,0.4833047587530059],[12,0.8438539587324921],[12.5,0.9977982791785807],[13,0.9074467814501962],[13.5,0.594920663309892],[14,0.1367372182078336],[14.5,-0.354924266788705],[15,-0.7596879128588213],[15.5,-0.9784534628188842]],
      "label": "cos(x)"
    }
  ],
  "fillChartData": [
    {
      "label": "female mean",
      "data": [
        [
          2,
          90.2
        ],
        [
          3,
          98.3
        ],
        [
          4,
          105.2
        ],
        [
          5,
          112.2
        ],
        [
          6,
          119
        ],
        [
          7,
          125.8
        ],
        [
          8,
          131.3
        ],
        [
          9,
          138.6
        ],
        [
          10,
          144.2
        ],
        [
          11,
          151.3
        ],
        [
          12,
          156.7
        ],
        [
          13,
          158.6
        ],
        [
          14,
          160.5
        ],
        [
          15,
          162.1
        ],
        [
          16,
          162.9
        ],
        [
          17,
          162.2
        ],
        [
          18,
          163
        ],
        [
          19,
          163.1
        ]
      ],
      "lines": {
        "show": true
      },
      "color": "rgb(255,50,50)"
    },
    {
      "id": "f15%",
      "data": [
        [
          2,
          84.8
        ],
        [
          3,
          93.7
        ],
        [
          4,
          100.6
        ],
        [
          5,
          105.8
        ],
        [
          6,
          113.3
        ],
        [
          7,
          119.3
        ],
        [
          8,
          124.3
        ],
        [
          9,
          131.4
        ],
        [
          10,
          136.9
        ],
        [
          11,
          143.8
        ],
        [
          12,
          149.4
        ],
        [
          13,
          151.2
        ],
        [
          14,
          152.3
        ],
        [
          15,
          155.9
        ],
        [
          16,
          154.7
        ],
        [
          17,
          157
        ],
        [
          18,
          156.1
        ],
        [
          19,
          155.4
        ]
      ],
      "lines": {
        "show": true,
        "lineWidth": 0,
        "fill": false
      },
      "color": "rgb(255,50,50)"
    },
    {
      "id": "f25%",
      "data": [
        [
          2,
          87.2
        ],
        [
          3,
          95.9
        ],
        [
          4,
          101.9
        ],
        [
          5,
          107.4
        ],
        [
          6,
          114.8
        ],
        [
          7,
          121.4
        ],
        [
          8,
          126.8
        ],
        [
          9,
          133.4
        ],
        [
          10,
          138.6
        ],
        [
          11,
          146.2
        ],
        [
          12,
          152
        ],
        [
          13,
          153.8
        ],
        [
          14,
          155.7
        ],
        [
          15,
          158.4
        ],
        [
          16,
          157
        ],
        [
          17,
          158.5
        ],
        [
          18,
          158.4
        ],
        [
          19,
          158.1
        ]
      ],
      "lines": {
        "show": true,
        "lineWidth": 0,
        "fill": 0.2
      },
      "color": "rgb(255,50,50)",
      "fillBetween": "f15%"
    },
    {
      "id": "f50%",
      "data": [
        [
          2,
          90.2
        ],
        [
          3,
          98.1
        ],
        [
          4,
          105.2
        ],
        [
          5,
          111.7
        ],
        [
          6,
          118.2
        ],
        [
          7,
          125.6
        ],
        [
          8,
          130.5
        ],
        [
          9,
          138.3
        ],
        [
          10,
          143.7
        ],
        [
          11,
          151.4
        ],
        [
          12,
          156.7
        ],
        [
          13,
          157.7
        ],
        [
          14,
          161
        ],
        [
          15,
          162
        ],
        [
          16,
          162.8
        ],
        [
          17,
          162.2
        ],
        [
          18,
          162.8
        ],
        [
          19,
          163.3
        ]
      ],
      "lines": {
        "show": true,
        "lineWidth": 0.5,
        "fill": 0.4,
        "shadowSize": 0
      },
      "color": "rgb(255,50,50)",
      "fillBetween": "f25%"
    },
    {
      "id": "f75%",
      "data": [
        [
          2,
          93.2
        ],
        [
          3,
          101.5
        ],
        [
          4,
          107.9
        ],
        [
          5,
          116.6
        ],
        [
          6,
          122.8
        ],
        [
          7,
          129.3
        ],
        [
          8,
          135.2
        ],
        [
          9,
          143.7
        ],
        [
          10,
          148.7
        ],
        [
          11,
          156.9
        ],
        [
          12,
          160.8
        ],
        [
          13,
          163
        ],
        [
          14,
          165
        ],
        [
          15,
          165.8
        ],
        [
          16,
          168.7
        ],
        [
          17,
          166.2
        ],
        [
          18,
          167.6
        ],
        [
          19,
          168
        ]
      ],
      "lines": {
        "show": true,
        "lineWidth": 0,
        "fill": 0.4
      },
      "color": "rgb(255,50,50)",
      "fillBetween": "f50%"
    },
    {
      "id": "f85%",
      "data": [
        [
          2,
          94.5
        ],
        [
          3,
          102.8
        ],
        [
          4,
          110.4
        ],
        [
          5,
          119
        ],
        [
          6,
          125.7
        ],
        [
          7,
          131.5
        ],
        [
          8,
          137.9
        ],
        [
          9,
          146
        ],
        [
          10,
          151.3
        ],
        [
          11,
          159.9
        ],
        [
          12,
          164
        ],
        [
          13,
          166.5
        ],
        [
          14,
          167.5
        ],
        [
          15,
          168.5
        ],
        [
          16,
          171.5
        ],
        [
          17,
          168
        ],
        [
          18,
          169.8
        ],
        [
          19,
          170.3
        ]
      ],
      "lines": {
        "show": true,
        "lineWidth": 0,
        "fill": 0.2
      },
      "color": "rgb(255,50,50)",
      "fillBetween": "f75%"
    },
    {
      "label": "male mean",
      "data": [
        [
          2,
          91.9
        ],
        [
          3,
          98.5
        ],
        [
          4,
          107.1
        ],
        [
          5,
          114.4
        ],
        [
          6,
          120.6
        ],
        [
          7,
          124.7
        ],
        [
          8,
          131.1
        ],
        [
          9,
          136.8
        ],
        [
          10,
          142.3
        ],
        [
          11,
          150
        ],
        [
          12,
          154.7
        ],
        [
          13,
          161.9
        ],
        [
          14,
          168.7
        ],
        [
          15,
          173.6
        ],
        [
          16,
          175.9
        ],
        [
          17,
          176.6
        ],
        [
          18,
          176.8
        ],
        [
          19,
          176.7
        ]
      ],
      "lines": {
        "show": true
      },
      "color": "rgb(50,50,255)"
    },
    {
      "id": "m15%",
      "data": [
        [
          2,
          88
        ],
        [
          3,
          93.3
        ],
        [
          4,
          102
        ],
        [
          5,
          108.5
        ],
        [
          6,
          115.7
        ],
        [
          7,
          115.6
        ],
        [
          8,
          124.6
        ],
        [
          9,
          130.3
        ],
        [
          10,
          134.3
        ],
        [
          11,
          141.4
        ],
        [
          12,
          146.5
        ],
        [
          13,
          151.7
        ],
        [
          14,
          159.9
        ],
        [
          15,
          165.4
        ],
        [
          16,
          167.8
        ],
        [
          17,
          168.7
        ],
        [
          18,
          169.5
        ],
        [
          19,
          168
        ]
      ],
      "lines": {
        "show": true,
        "lineWidth": 0,
        "fill": false
      },
      "color": "rgb(50,50,255)"
    },
    {
      "id": "m25%",
      "data": [
        [
          2,
          89.2
        ],
        [
          3,
          94.9
        ],
        [
          4,
          104.4
        ],
        [
          5,
          111.4
        ],
        [
          6,
          117.5
        ],
        [
          7,
          120.2
        ],
        [
          8,
          127.1
        ],
        [
          9,
          132.9
        ],
        [
          10,
          136.8
        ],
        [
          11,
          144.4
        ],
        [
          12,
          149.5
        ],
        [
          13,
          154.1
        ],
        [
          14,
          163.1
        ],
        [
          15,
          169.2
        ],
        [
          16,
          170.4
        ],
        [
          17,
          171.2
        ],
        [
          18,
          172.4
        ],
        [
          19,
          170.8
        ]
      ],
      "lines": {
        "show": true,
        "lineWidth": 0,
        "fill": 0.2
      },
      "color": "rgb(50,50,255)",
      "fillBetween": "m15%"
    },
    {
      "id": "m50%",
      "data": [
        [
          2,
          91.9
        ],
        [
          3,
          98.2
        ],
        [
          4,
          106.8
        ],
        [
          5,
          114.6
        ],
        [
          6,
          120.8
        ],
        [
          7,
          125.2
        ],
        [
          8,
          130.3
        ],
        [
          9,
          137.1
        ],
        [
          10,
          141.5
        ],
        [
          11,
          149.4
        ],
        [
          12,
          153.9
        ],
        [
          13,
          162.2
        ],
        [
          14,
          169
        ],
        [
          15,
          174.8
        ],
        [
          16,
          176
        ],
        [
          17,
          176.8
        ],
        [
          18,
          176.4
        ],
        [
          19,
          177.4
        ]
      ],
      "lines": {
        "show": true,
        "lineWidth": 0.5,
        "fill": 0.4,
        "shadowSize": 0
      },
      "color": "rgb(50,50,255)",
      "fillBetween": "m25%"
    },
    {
      "id": "m75%",
      "data": [
        [
          2,
          94.5
        ],
        [
          3,
          102.1
        ],
        [
          4,
          110.8
        ],
        [
          5,
          117.9
        ],
        [
          6,
          124
        ],
        [
          7,
          129.3
        ],
        [
          8,
          134.6
        ],
        [
          9,
          141.4
        ],
        [
          10,
          147
        ],
        [
          11,
          156.1
        ],
        [
          12,
          160.3
        ],
        [
          13,
          168.3
        ],
        [
          14,
          174.7
        ],
        [
          15,
          178
        ],
        [
          16,
          180.2
        ],
        [
          17,
          181.7
        ],
        [
          18,
          181.3
        ],
        [
          19,
          182.5
        ]
      ],
      "lines": {
        "show": true,
        "lineWidth": 0,
        "fill": 0.4
      },
      "color": "rgb(50,50,255)",
      "fillBetween": "m50%"
    },
    {
      "id": "m85%",
      "data": [
        [
          2,
          96.2
        ],
        [
          3,
          103.8
        ],
        [
          4,
          111.8
        ],
        [
          5,
          119.6
        ],
        [
          6,
          125.6
        ],
        [
          7,
          131.5
        ],
        [
          8,
          138
        ],
        [
          9,
          143.3
        ],
        [
          10,
          149.3
        ],
        [
          11,
          159.8
        ],
        [
          12,
          162.5
        ],
        [
          13,
          171.3
        ],
        [
          14,
          177.5
        ],
        [
          15,
          180.2
        ],
        [
          16,
          183.8
        ],
        [
          17,
          183.4
        ],
        [
          18,
          183.5
        ],
        [
          19,
          185.5
        ]
      ],
      "lines": {
        "show": true,
        "lineWidth": 0,
        "fill": 0.2
      },
      "color": "rgb(50,50,255)",
      "fillBetween": "m75%"
    }
  ],
  "pieChartData": [
    {
      "label": "Series1",
      "data": 60
    },
    {
      "label": "Series2",
      "data": 27
    },
    {
      "label": "Series3",
      "data": 92
    }
  ],
  "siteStatsData": [
    {
      "data": [
        [
          1,
          75
        ],
        [
          3,
          87
        ],
        [
          4,
          93
        ],
        [
          5,
          127
        ],
        [
          6,
          116
        ],
        [
          7,
          137
        ],
        [
          8,
          135
        ],
        [
          9,
          130
        ],
        [
          10,
          167
        ],
        [
          11,
          169
        ],
        [
          12,
          179
        ],
        [
          13,
          185
        ],
        [
          14,
          176
        ],
        [
          15,
          180
        ],
        [
          16,
          174
        ],
        [
          17,
          193
        ],
        [
          18,
          186
        ],
        [
          19,
          177
        ],
        [
          20,
          153
        ],
        [
          21,
          149
        ],
        [
          22,
          130
        ],
        [
          23,
          100
        ],
        [
          24,
          50
        ]
      ],
      "label": "Your pageviews"
    },
    {
      "data": [
        [
          1,
          65
        ],
        [
          3,
          50
        ],
        [
          4,
          73
        ],
        [
          5,
          100
        ],
        [
          6,
          95
        ],
        [
          7,
          103
        ],
        [
          8,
          111
        ],
        [
          9,
          97
        ],
        [
          10,
          125
        ],
        [
          11,
          100
        ],
        [
          12,
          95
        ],
        [
          13,
          141
        ],
        [
          14,
          126
        ],
        [
          15,
          131
        ],
        [
          16,
          146
        ],
        [
          17,
          158
        ],
        [
          18,
          160
        ],
        [
          19,
          151
        ],
        [
          20,
          125
        ],
        [
          21,
          110
        ],
        [
          22,
          100
        ],
        [
          23,
          85
        ],
        [
          24,
          37
        ]
      ],
      "label": "Site visitors"
    }
  ]
}
