{
  "sales": [
    {
      "period": "2010 Q1",
      "iphone": 2666,
      "ipad": null,
      "itouch": 2647
    },
    {
      "period": "2010 Q2",
      "iphone": 2778,
      "ipad": 2294,
      "itouch": 2441
    },
    {
      "period": "2010 Q3",
      "iphone": 4912,
      "ipad": 1969,
      "itouch": 2501
    },
    {
      "period": "2010 Q4",
      "iphone": 3767,
      "ipad": 3597,
      "itouch": 5689
    },
    {
      "period": "2011 Q1",
      "iphone": 6810,
      "ipad": 1914,
      "itouch": 2293
    },
    {
      "period": "2011 Q2",
      "iphone": 5670,
      "ipad": 4293,
      "itouch": 1881
    },
    {
      "period": "2011 Q3",
      "iphone": 4820,
      "ipad": 3795,
      "itouch": 1588
    },
    {
      "period": "2011 Q4",
      "iphone": 15073,
      "ipad": 5967,
      "itouch": 5175
    },
    {
      "period": "2012 Q1",
      "iphone": 10687,
      "ipad": 4460,
      "itouch": 2028
    },
    {
      "period": "2012 Q2",
      "iphone": 8432,
      "ipad": 5713,
      "itouch": 1791
    }
  ],
  "area-demo": [
    {
      "x": "2011 Q1",
      "y": 3,
      "z": 3
    },
    {
      "x": "2011 Q2",
      "y": 2,
      "z": 0
    },
    {
      "x": "2011 Q3",
      "y": 0,
      "z": 2
    },
    {
      "x": "2011 Q4",
      "y": 4,
      "z": 4
    }
  ],
  "bar-demo": [{"x":"2011 Q1","y":0},{"x":"2011 Q2","y":1},{"x":"2011 Q3","y":2},{"x":"2011 Q4","y":3},{"x":"2012 Q1","y":4},{"x":"2012 Q2","y":5},{"x":"2012 Q3","y":6},{"x":"2012 Q4","y":7},{"x":"2013 Q1","y":8}],
  "normal-bar-demo": [{"x":"2011 Q1","y":3,"z":2,"a":3},{"x":"2011 Q2","y":2,"z":null,"a":1},{"x":"2011 Q3","y":0,"z":2,"a":4},{"x":"2011 Q4","y":2,"z":4,"a":3}],
  "stacked-bar-demo": [
    {
      "x":"2016 Q2",
      "y":3,"z":9,
      "a":3
    },
    {
      "x":"2016 Q3",
      "y":2,"z":null,
      "a":10
    },
    {
      "x":"2016 Q4",
      "y":0,"z":2,
      "a":4
    },
    {
      "x":"2017 Q1",
      "y":2,
      "z":4,
      "a":3
    },
    {
      "x":"2017 Q1",
      "y":2,
      "z":4,
      "a":3
    },
    {
      "x":"2017 Q1",
      "y":2,
      "z":4,
      "a":3
    }
  ],
  "line-year-demo": [{"period":"2012-10-01","licensed":3407,"sorned":660},{"period":"2012-09-30","licensed":3351,"sorned":629},{"period":"2012-09-29","licensed":3269,"sorned":618},{"period":"2012-09-20","licensed":3246,"sorned":661},{"period":"2012-09-19","licensed":3257,"sorned":667},{"period":"2012-09-18","licensed":3248,"sorned":627},{"period":"2012-09-17","licensed":3171,"sorned":660},{"period":"2012-09-16","licensed":3171,"sorned":676},{"period":"2012-09-15","licensed":3201,"sorned":656},{"period":"2012-09-10","licensed":3215,"sorned":622}],
  "donut-demo": [{"value":70,"label":"foo"},{"value":15,"label":"bar"},{"value":10,"label":"baz"},{"value":5,"label":"A really really long label"}],
  "line-time-demo": [{"period":"2011 W27","licensed":3407,"sorned":660},{"period":"2011 W26","licensed":3351,"sorned":629},{"period":"2011 W25","licensed":3269,"sorned":618},{"period":"2011 W24","licensed":3246,"sorned":661},{"period":"2011 W23","licensed":3257,"sorned":667},{"period":"2011 W22","licensed":3248,"sorned":627},{"period":"2011 W21","licensed":3171,"sorned":660},{"period":"2011 W20","licensed":3171,"sorned":676},{"period":"2011 W19","licensed":3201,"sorned":656},{"period":"2011 W18","licensed":3215,"sorned":622},{"period":"2011 W17","licensed":3148,"sorned":632},{"period":"2011 W16","licensed":3155,"sorned":681},{"period":"2011 W15","licensed":3190,"sorned":667},{"period":"2011 W14","licensed":3226,"sorned":620},{"period":"2011 W13","licensed":3245,"sorned":null},{"period":"2011 W12","licensed":3289,"sorned":null},{"period":"2011 W11","licensed":3263,"sorned":null},{"period":"2011 W10","licensed":3189,"sorned":null},{"period":"2011 W09","licensed":3079,"sorned":null},{"period":"2011 W08","licensed":3085,"sorned":null},{"period":"2011 W07","licensed":3055,"sorned":null},{"period":"2011 W06","licensed":3063,"sorned":null},{"period":"2011 W05","licensed":2943,"sorned":null},{"period":"2011 W04","licensed":2806,"sorned":null},{"period":"2011 W03","licensed":2674,"sorned":null},{"period":"2011 W02","licensed":1702,"sorned":null},{"period":"2011 W01","licensed":1732,"sorned":null}],
  "line-graph-a-demo": [{
    "period" : "2011-08-12",
    "a" : 100
  }, {
    "period" : "2011-03-03",
    "a" : 75
  }, {
    "period" : "2010-08-08",
    "a" : 50
  }, {
    "period" : "2010-05-10",
    "a" : 25
  }, {
    "period" : "2010-03-14",
    "a" : 0
  }, {
    "period" : "2010-01-10",
    "a" : -25
  }, {
    "period" : "2009-12-10",
    "a" : -50
  }, {
    "period" : "2009-10-07",
    "a" : -75
  }, {
    "period" : "2009-09-25",
    "a" : -100
  }],
  "line-graph-b-demo": [{
    "period" : "2012-10-01",
    "licensed" : 3407
  }, {
    "period" : "2012-09-30",
    "sorned" : 0
  }, {
    "period" : "2012-09-29",
    "sorned" : 618
  }, {
    "period" : "2012-09-20",
    "licensed" : 3246,
    "sorned" : 661
  }, {
    "period" : "2012-09-19",
    "licensed" : 3257,
    "sorned" : null
  }, {
    "period" : "2012-09-18",
    "licensed" : 3248,
    "other" : 1000
  }, {
    "period" : "2012-09-17",
    "sorned" : 0
  }, {
    "period" : "2012-09-16",
    "sorned" : 0
  }, {
    "period" : "2012-09-15",
    "licensed" : 3201,
    "sorned" : 656
  }, {
    "period" : "2012-09-10",
    "licensed" : 3215
  }],
  "no-grid-demo": [{
    "period" : "2012-10-01",
    "licensed" : 3407,
    "sorned" : 660
  }, {
    "period" : "2012-09-30",
    "licensed" : 3351,
    "sorned" : 629
  }, {
    "period" : "2012-09-29",
    "licensed" : 3269,
    "sorned" : 618
  }, {
    "period" : "2012-09-20",
    "licensed" : 3246,
    "sorned" : 661
  }, {
    "period" : "2012-09-19",
    "licensed" : 3257,
    "sorned" : 667
  }, {
    "period" : "2012-09-18",
    "licensed" : 3248,
    "sorned" : 627
  }, {
    "period" : "2012-09-17",
    "licensed" : 3171,
    "sorned" : 660
  }, {
    "period" : "2012-09-16",
    "licensed" : 3171,
    "sorned" : 676
  }, {
    "period" : "2012-09-15",
    "licensed" : 3201,
    "sorned" : 656
  }, {
    "period" : "2012-09-10",
    "licensed" : 3215,
    "sorned" : 622
  }],
  "line-graph-c-demo": [{
    "elapsed" : "I",
    "value" : 34
  }, {
    "elapsed" : "II",
    "value" : 24
  }, {
    "elapsed" : "III",
    "value" : 3
  }, {
    "elapsed" : "IV",
    "value" : 12
  }, {
    "elapsed" : "V",
    "value" : 13
  }, {
    "elapsed" : "VI",
    "value" : 22
  }, {
    "elapsed" : "VII",
    "value" : 5
  }, {
    "elapsed" : "VIII",
    "value" : 26
  }, {
    "elapsed" : "IX",
    "value" : 12
  }, {
    "elapsed" : "X",
    "value" : 19
  }]

}